0,102,1,51,20,29,50,145,42,1,62,11,58,11,10,2,20,61,23,104,4,12,49,0,44,19,6,0,0,7,1,27,4,14,2,6,6,51,18,68,3,100,68,9,22,84,0,23,3,5,45,44,201,1,4,24,36,2,0,44,8,5,2,15,2,22,57,5,0,29,15,80,94,15,23,8,2,24,2,0,0,187,102,40,24,9,3,18,13,7,13,20,15,121,0,1,1,1,2,0,0,21,20,6,1,12,0,4,2,1,23,0,0,0,5,0,2,10,28,13,4,15,0
102,0,8,63,40,9,111,25,14,0,37,0,174,17,0,0,16,53,0,41,0,7,0,0,1,94,32,5,0,0,0,36,0,0,0,4,18,0,5,3,24,120,17,0,7,104,5,24,11,24,15,47,190,39,0,4,51,17,40,25,29,0,20,19,5,57,19,27,0,16,77,97,103,20,17,16,4,0,0,5,32,392,112,91,34,289,44,27,2,0,41,22,52,253,0,1,0,0,13,0,0,21,0,0,0,0,10,0,39,0,65,56,0,0,2,0,0,0,8,0,8,0,0
1,8,0,31,8,8,15,5,0,8,0,0,14,26,0,0,0,36,0,11,9,0,0,0,0,0,2,0,1,0,1,14,18,0,9,22,0,0,2,20,10,15,18,0,6,39,10,32,25,4,19,24,25,17,0,4,0,38,5,1,7,0,0,4,0,24,5,6,0,19,37,15,45,0,18,0,0,0,33,11,0,108,34,0,33,13,4,0,0,4,5,0,28,83,0,0,0,0,0,0,4,13,0,0,0,0,0,0,0,6,56,12,0,0,22,0,0,0,0,0,0,0,0
51,63,31,0,126,4,75,38,37,7,0,0,57,33,19,0,28,51,0,17,0,0,0,0,3,19,7,5,15,29,0,0,0,2,29,41,0,0,24,76,0,39,5,0,0,26,25,36,0,0,13,50,10,0,0,0,0,27,8,54,0,0,37,0,0,29,0,0,0,28,57,85,32,30,26,0,10,1,0,37,0,220,124,72,58,61,23,0,0,0,0,0,24,105,0,14,0,0,0,2,0,0,0,0,0,7,0,0,0,0,49,0,0,0,23,11,0,3,0,0,0,0,24
20,40,8,126,0,7,159,21,0,4,0,0,139,30,0,0,0,65,0,52,17,0,23,0,0,45,38,0,18,25,12,12,40,0,0,25,0,24,0,9,12,18,0,0,0,10,32,71,22,12,30,24,77,0,2,50,10,17,16,0,15,14,4,6,9,26,54,8,0,10,27,149,72,0,0,0,0,0,17,46,8,226,105,0,0,77,16,13,0,0,0,35,0,79,0,40,0,0,0,0,26,0,0,3,0,11,0,13,15,11,46,0,0,0,5,0,4,0,0,0,0,0,0
29,9,8,4,7,0,30,14,0,0,0,0,13,0,4,0,2,10,0,34,0,0,0,0,0,0,47,0,0,2,0,20,12,19,0,23,0,0,0,13,14,11,0,0,0,84,0,18,14,0,9,0,9,40,0,0,8,19,0,2,21,14,0,0,0,52,16,0,0,31,49,56,31,0,25,3,0,0,0,41,0,231,35,9,15,0,0,0,0,0,0,0,0,40,0,0,0,0,0,0,9,0,3,0,7,12,19,0,0,0,15,0,0,26,0,0,0,0,0,0,0,0,0
50,111,15,75,159,30,0,87,12,0,12,2,286,107,102,10,30,24,17,94,43,2,25,8,0,15,50,40,61,30,0,60,16,10,4,20,0,8,31,64,53,82,30,4,61,62,27,7,16,10,8,59,121,27,2,23,9,87,8,3,14,0,0,50,0,82,68,0,14,72,26,153,90,14,10,23,23,3,33,64,44,351,153,51,32,195,63,23,13,0,6,62,30,147,4,8,13,0,5,9,27,24,3,0,53,0,24,35,0,0,94,33,10,0,37,19,14,0,22,0,0,22,0
145,25,5,38,21,14,87,0,21,23,53,22,86,14,5,0,6,80,0,65,0,18,0,8,0,14,0,14,3,0,0,0,0,0,0,11,1,34,0,4,54,39,23,0,0,19,0,17,33,0,0,51,153,8,0,0,0,0,3,0,8,0,0,0,0,25,51,0,0,23,30,109,56,3,18,0,0,0,2,35,0,252,154,27,2,34,0,1,18,0,0,20,5,87,0,53,8,0,0,0,20,8,0,0,0,13,0,0,0,0,40,0,5,0,0,21,13,0,2,8,0,0,5
42,14,0,37,0,0,12,21,0,4,8,2,16,20,13,0,0,8,5,43,4,24,0,0,0,12,0,0,0,5,4,4,0,0,15,0,3,1,32,35,0,63,0,0,0,25,0,35,0,0,13,16,65,15,0,7,8,7,8,0,1,7,0,0,0,6,35,14,0,0,17,59,22,0,0,0,0,4,0,51,0,168,60,0,5,45,0,13,0,11,0,0,9,76,0,7,0,0,0,0,3,4,0,0,0,0,0,0,0,6,34,0,6,0,10,1,0,0,0,0,0,4,0
1,0,8,7,4,0,0,23,4,0,9,0,0,0,0,0,0,0,0,0,7,12,0,0,0,0,0,0,0,0,0,14,0,0,0,1,0,0,0,71,12,72,0,0,0,25,0,0,0,0,0,19,144,0,0,0,4,5,8,9,30,0,0,0,0,7,7,0,0,0,5,28,14,0,8,0,0,0,0,10,0,65,49,11,17,21,16,7,0,7,0,0,0,51,0,0,0,0,0,0,0,7,0,0,0,0,0,0,0,0,13,0,0,0,0,0,0,0,0,0,0,0,0
62,37,0,0,0,0,12,53,8,9,0,0,56,13,0,0,18,0,0,6,0,25,15,10,9,0,64,0,0,6,0,0,0,0,3,7,0,0,0,28,24,6,10,0,8,6,0,0,6,0,9,44,165,15,0,0,0,0,0,0,0,0,0,26,0,10,5,0,0,0,7,58,9,0,4,12,11,0,0,4,11,92,16,22,0,45,25,0,14,0,0,16,0,22,0,2,0,0,0,15,0,23,0,9,0,0,0,6,0,3,28,0,20,0,0,0,0,0,0,0,0,0,3
11,0,0,0,0,0,2,22,2,0,0,0,111,6,7,0,0,6,0,11,5,0,0,0,9,0,0,0,0,0,0,1,0,0,0,13,0,0,19,22,0,11,7,0,16,19,0,0,3,21,14,33,38,15,0,26,0,21,6,0,33,0,15,0,0,0,31,8,7,0,24,44,19,0,0,0,0,0,12,0,0,197,24,24,41,25,22,7,0,0,8,19,0,88,21,5,0,0,0,0,2,0,0,0,0,0,0,0,0,0,0,0,0,0,0,0,0,0,0,0,0,0,0
58,174,14,57,139,13,286,86,16,0,56,111,0,87,63,6,34,106,56,106,57,6,59,20,1,64,6,24,48,74,21,116,36,5,28,26,15,37,49,34,35,147,42,34,10,82,23,62,19,0,13,153,123,11,24,13,46,37,25,19,18,21,15,16,0,27,81,63,16,43,37,156,44,29,20,25,17,0,4,41,0,258,146,32,0,62,9,0,0,23,42,14,32,175,4,19,0,8,0,21,0,28,0,0,8,11,27,34,18,27,66,17,53,0,18,1,23,0,0,27,31,0,5
11,17,26,33,30,0,107,14,20,0,13,6,87,0,0,0,2,17,13,69,16,5,0,24,0,2,16,11,45,3,25,0,13,0,7,51,0,0,8,8,8,82,0,0,0,19,41,27,55,14,28,58,32,27,0,13,22,26,12,11,17,4,0,0,11,19,12,0,0,13,35,83,84,0,8,10,16,5,0,55,20,227,57,9,88,39,0,15,0,11,0,0,9,141,17,0,32,7,0,32,59,22,0,0,0,0,22,2,0,8,50,3,3,14,14,0,0,3,0,0,24,14,0
10,0,0,19,0,4,102,5,13,0,0,7,63,0,0,4,11,91,0,40,0,0,3,0,0,0,0,12,3,0,0,21,0,0,2,0,0,0,0,11,8,13,0,0,0,140,23,54,18,9,16,18,48,0,2,0,51,6,14,19,12,0,8,0,0,74,78,3,0,0,73,111,58,4,0,0,0,8,0,60,25,179,113,11,35,38,42,18,0,6,15,17,0,100,0,0,0,0,0,0,0,0,0,0,0,0,0,2,0,58,91,0,0,5,0,11,0,0,0,15,27,0,16
2,0,0,0,0,0,10,0,0,0,0,0,6,0,4,0,2,6,0,18,0,0,0,1,0,0,1,0,11,21,6,34,28,0,4,3,0,0,0,0,0,0,0,0,0,73,9,25,3,11,7,0,21,5,0,5,0,5,19,19,0,10,2,0,10,6,29,0,4,0,13,48,70,0,0,0,0,0,0,28,23,169,19,29,28,18,10,2,0,0,0,0,8,76,0,0,0,0,0,0,16,13,0,0,5,1,5,0,0,0,13,0,0,0,0,0,0,0,0,0,0,0,0
20,16,0,28,0,2,30,6,0,0,18,0,34,2,11,2,0,47,6,12,11,11,0,0,0,1,5,12,14,51,32,27,32,4,1,2,0,12,0,30,0,0,0,0,0,100,69,4,15,23,11,18,87,11,13,0,27,27,17,18,8,0,0,0,9,5,16,0,6,0,61,33,73,4,7,0,0,0,0,12,5,255,42,36,52,18,18,0,0,0,0,13,20,99,0,4,0,8,0,3,0,4,0,0,0,0,3,9,0,5,29,0,0,0,21,0,22,0,24,0,0,0,0
61,53,36,51,65,10,24,80,8,0,0,6,106,17,91,6,47,0,40,55,22,28,10,13,3,12,30,49,54,24,24,66,43,6,21,31,2,28,9,13,8,64,8,0,0,105,25,96,51,20,20,31,104,55,14,45,26,27,10,14,62,0,10,0,0,72,60,27,0,21,109,136,121,55,33,0,0,0,1,47,30,433,118,35,51,95,0,20,0,25,0,14,82,135,0,45,11,0,0,0,64,21,0,0,0,0,0,47,0,16,45,29,0,0,9,0,25,0,0,23,9,6,4
23,0,0,0,0,0,17,0,5,0,0,0,56,13,0,0,6,40,0,47,0,0,6,3,3,4,32,0,29,0,0,24,4,4,17,6,13,10,13,20,14,57,0,0,0,41,5,30,19,2,8,40,73,7,6,5,7,7,0,3,0,0,10,0,13,36,53,0,0,16,75,74,96,9,24,7,19,28,0,44,29,281,114,29,69,108,7,0,0,0,0,0,20,89,0,0,0,0,0,0,14,0,0,0,0,0,35,13,0,13,48,0,30,5,5,0,0,0,5,0,4,0,0
104,41,11,17,52,34,94,65,43,0,6,11,106,69,40,18,12,55,47,0,47,39,46,7,29,83,27,10,32,36,62,48,26,0,70,8,23,23,14,45,67,101,0,12,0,46,15,9,23,1,30,85,74,7,0,0,19,13,25,32,8,26,11,13,15,19,31,17,0,0,29,45,56,18,8,0,0,15,8,43,20,184,69,15,26,34,0,21,0,5,0,4,10,62,0,21,0,38,0,2,17,0,28,0,0,37,0,32,15,0,25,15,3,0,0,16,18,0,9,13,18,22,0
4,0,9,0,17,0,43,0,4,7,0,5,57,16,0,0,11,22,0,47,0,0,26,0,38,29,0,0,5,0,5,0,0,0,23,28,0,3,22,34,0,33,2,0,0,0,0,19,11,0,21,40,44,49,4,0,11,4,35,28,7,12,0,0,0,36,14,2,0,4,15,18,110,18,18,0,5,6,11,22,0,183,146,22,7,77,0,15,0,0,6,0,28,55,2,3,0,0,0,5,0,0,0,0,0,0,0,0,6,8,70,0,0,0,3,0,0,1,0,5,23,0,0
12,7,0,0,0,0,2,18,24,12,25,0,6,5,0,0,11,28,0,39,0,0,42,33,2,17,24,0,0,6,0,0,0,0,10,0,0,6,26,41,87,22,22,11,0,22,0,0,0,5,14,1,166,4,0,0,0,13,6,0,0,10,3,0,3,24,30,11,0,3,56,104,130,33,0,5,0,3,0,47,8,250,93,4,13,70,0,0,0,0,0,16,6,122,18,0,0,0,0,0,0,8,7,0,5,0,7,0,0,30,23,0,10,0,0,0,0,0,0,29,0,8,0
49,0,0,0,23,0,25,0,0,0,15,0,59,0,3,0,0,10,6,46,26,42,0,20,21,15,0,5,0,0,0,0,0,0,0,12,0,12,70,38,43,84,23,0,0,39,0,13,0,0,8,67,288,6,20,0,0,0,0,10,8,31,0,0,12,12,61,0,0,0,56,104,104,0,12,14,0,10,0,29,27,294,119,27,41,63,33,5,0,14,0,9,25,32,0,5,0,0,0,11,15,0,0,0,0,0,0,0,0,4,10,0,0,0,11,0,0,0,0,0,0,0,0
0,0,0,0,0,0,8,8,0,0,10,0,20,24,0,1,0,13,3,7,0,33,20,0,2,2,13,0,0,0,0,4,3,0,0,26,0,14,8,54,38,101,11,0,0,20,0,0,19,6,18,18,222,2,0,0,0,0,38,0,7,0,3,0,0,12,1,0,0,0,7,62,11,10,6,2,0,0,20,35,12,204,58,0,51,67,10,16,0,0,14,0,32,86,0,7,0,0,0,0,7,16,14,0,0,0,0,0,9,0,6,17,3,0,0,11,0,3,4,0,0,0,0
44,1,0,3,0,0,0,0,0,0,9,9,1,0,0,0,0,3,3,29,38,2,21,2,0,9,6,0,0,0,0,0,0,0,3,12,7,0,21,32,20,56,13,0,14,5,9,17,7,0,11,64,145,14,2,0,0,0,3,0,5,6,15,0,8,40,31,5,0,19,8,16,38,4,4,17,0,17,0,5,22,127,103,6,10,38,0,19,0,7,2,0,13,78,8,0,0,0,0,9,2,26,18,0,0,0,12,0,0,0,31,2,0,0,0,0,0,0,0,5,3,0,0
19,94,0,19,45,0,15,14,12,0,0,0,64,2,0,0,1,12,4,83,29,17,15,2,9,0,27,45,0,14,0,24,17,0,6,11,11,0,18,27,54,67,17,7,0,53,33,64,0,13,0,71,181,31,0,0,1,3,0,0,16,0,26,0,8,32,33,0,0,17,37,56,77,1,15,0,19,0,10,35,0,380,90,49,16,23,13,19,0,2,9,0,2,112,27,7,0,0,0,6,0,15,0,0,2,0,12,9,0,0,72,0,0,0,0,6,16,0,0,11,0,0,0
6,32,2,7,38,47,50,0,0,0,64,0,6,16,0,1,5,30,32,27,0,24,0,13,6,27,0,18,0,8,20,8,0,9,10,26,9,0,29,0,22,57,5,22,0,46,0,64,12,18,24,54,139,0,0,1,0,21,0,12,16,17,0,31,2,14,46,7,0,0,70,70,77,30,0,19,0,18,9,79,36,342,143,22,38,52,3,0,0,0,0,0,47,107,0,0,0,10,18,12,1,0,0,9,0,13,0,26,0,13,51,0,0,0,14,0,7,0,0,5,0,0,0
0,5,0,5,0,0,40,14,0,0,0,0,24,11,12,0,12,49,0,10,0,0,5,0,0,45,18,0,29,0,4,6,11,11,24,49,8,0,0,12,7,28,0,0,0,46,16,47,42,3,12,30,163,61,15,0,20,58,0,15,5,0,0,12,0,69,54,56,0,21,21,103,49,9,8,0,4,0,0,26,14,421,205,0,20,75,0,28,0,0,7,14,14,61,6,0,2,0,0,8,14,17,8,0,0,0,15,0,20,4,37,6,0,16,32,13,0,0,0,14,0,0,1
0,0,1,15,18,0,61,3,0,0,0,0,48,45,3,11,14,54,29,32,5,0,0,0,0,0,0,29,0,21,33,34,8,34,24,13,44,0,0,18,0,51,0,0,0,73,0,52,34,0,0,33,109,0,0,0,24,23,23,12,12,18,0,0,12,29,81,15,5,16,25,96,104,0,17,14,0,10,0,13,13,297,43,18,2,92,6,6,0,3,2,0,20,91,5,3,15,0,0,0,21,23,0,0,3,0,0,0,0,0,47,0,4,3,0,0,0,0,0,0,18,0,0
7,0,0,29,25,2,30,0,5,0,6,0,74,3,0,21,51,24,0,36,0,6,0,0,0,14,8,0,21,0,18,38,27,16,13,8,0,5,2,24,29,33,0,0,0,108,8,94,14,12,0,11,83,26,14,7,27,10,22,24,28,4,0,0,0,44,30,2,0,9,62,157,80,0,28,21,0,28,0,37,27,305,145,39,34,131,20,3,0,0,0,0,8,113,0,14,0,0,0,0,24,0,0,0,0,0,0,0,7,14,32,11,0,0,11,13,0,0,14,0,17,0,0
1,0,1,0,12,0,0,0,4,0,0,0,21,25,0,6,32,24,0,62,5,0,0,0,0,0,20,4,33,18,0,33,43,0,61,42,0,0,0,32,11,57,40,0,21,156,0,76,7,21,12,21,101,23,4,29,22,19,45,13,15,0,16,0,0,29,104,0,22,15,35,78,109,23,7,6,17,0,0,12,37,413,160,22,0,92,12,6,0,31,0,5,22,174,0,0,9,0,0,0,0,0,0,0,0,5,0,8,0,0,49,0,0,0,20,4,0,0,0,0,8,0,0
27,36,14,0,12,20,60,0,4,14,0,1,116,0,21,34,27,66,24,48,0,0,0,4,0,24,8,6,34,38,33,0,96,22,25,51,9,0,0,21,27,79,7,15,18,313,98,63,70,43,12,38,88,72,10,23,105,27,103,104,15,28,5,0,14,33,81,14,0,0,54,49,73,14,14,29,0,0,10,111,38,545,117,61,19,106,43,21,14,0,15,0,45,212,8,0,17,39,0,11,28,19,0,2,3,25,0,5,7,28,91,6,5,5,11,52,0,0,0,0,2,0,0
4,0,18,0,40,12,16,0,0,0,0,0,36,13,0,28,32,43,4,26,0,0,0,3,0,17,0,11,8,27,43,96,0,25,5,29,0,31,6,27,0,59,0,13,0,304,57,62,11,16,26,14,110,52,0,5,40,16,37,56,0,0,0,0,24,10,90,0,5,2,79,47,82,10,37,0,16,0,0,41,64,328,136,35,27,97,40,0,0,0,15,0,13,195,9,9,0,0,0,0,0,10,0,0,0,9,0,0,0,16,70,0,0,0,1,0,0,0,0,0,0,0,0
14,0,0,2,0,19,10,0,0,0,0,0,5,0,0,0,4,6,4,0,0,0,0,0,0,0,9,11,34,16,0,22,25,0,47,0,0,0,0,25,0,17,0,4,10,75,8,40,1,7,10,19,56,24,0,0,13,17,5,24,4,0,16,0,14,6,14,6,0,14,55,83,67,29,23,0,11,4,0,63,3,324,49,10,0,14,0,7,0,0,0,0,6,82,9,0,0,0,0,0,6,0,0,3,0,0,0,1,0,5,48,0,0,0,0,0,0,0,0,0,0,0,0
2,0,9,29,0,0,4,0,15,0,3,0,28,7,2,4,1,21,17,70,23,10,0,0,3,6,10,24,24,13,61,25,5,47,0,2,20,0,20,63,22,71,19,36,13,59,24,99,32,0,11,41,71,11,2,11,10,19,45,47,28,9,0,0,0,10,49,8,0,4,101,19,41,0,7,9,7,15,17,64,19,331,41,18,15,60,16,8,3,0,0,11,7,99,0,0,0,0,0,13,5,20,20,0,0,0,0,10,2,14,0,0,0,0,0,0,0,0,0,0,0,0,9
6,4,22,41,25,23,20,11,0,1,7,13,26,51,0,3,2,31,6,8,28,0,12,26,12,11,26,49,13,8,42,51,29,0,2,0,0,14,36,29,28,55,17,39,9,35,11,25,72,16,73,85,148,30,26,12,0,8,10,21,16,31,0,0,6,39,57,12,21,3,17,50,73,13,0,28,32,12,30,40,23,316,233,40,0,142,0,23,0,4,15,0,31,155,6,0,0,5,0,6,79,4,14,16,0,0,1,13,0,0,59,0,0,0,25,0,0,0,0,0,0,29,0
6,18,0,0,0,0,0,1,3,0,0,0,15,0,0,0,0,2,13,23,0,0,0,0,7,11,9,8,44,0,0,9,0,0,20,0,0,0,11,9,31,81,9,0,0,0,0,0,4,4,0,44,105,0,0,0,0,16,12,0,0,6,0,23,0,17,29,0,0,0,19,16,2,31,6,0,9,6,6,5,6,148,13,25,9,5,6,0,0,0,0,3,0,59,0,0,0,0,0,0,0,3,17,0,0,0,0,0,0,3,22,8,0,0,0,0,0,0,0,0,13,3,11
51,0,0,0,24,0,8,34,1,0,0,0,37,0,0,0,12,28,10,23,3,6,12,14,0,0,0,0,0,5,0,0,31,0,0,14,0,0,0,46,37,122,0,3,0,33,12,0,0,0,46,88,116,0,0,0,10,0,10,0,8,2,0,0,0,48,8,0,0,0,0,12,35,0,0,27,0,24,0,33,11,83,62,0,57,30,8,8,0,0,7,11,0,31,0,3,1,0,0,0,0,20,0,0,12,4,0,0,0,0,25,0,0,0,12,4,0,0,0,0,0,0,0
18,5,2,24,0,0,31,0,32,0,0,19,49,8,0,0,0,9,13,14,22,26,70,8,21,18,29,0,0,2,0,0,6,0,20,36,11,0,0,75,50,107,12,16,9,0,0,0,7,0,18,59,136,19,0,0,6,21,0,0,42,9,0,13,1,18,18,0,0,0,0,33,28,0,21,0,23,15,10,0,0,107,40,27,48,18,0,0,0,0,0,0,15,56,0,0,0,0,0,9,0,42,0,0,0,0,0,0,0,0,3,0,0,0,0,0,0,0,0,5,0,0,21
68,3,20,76,9,13,64,4,35,71,28,22,34,8,11,0,30,13,20,45,34,41,38,54,32,27,0,12,18,24,32,21,27,25,63,29,9,46,75,0,175,410,38,28,18,43,15,28,19,26,45,134,340,27,10,7,16,18,87,0,60,28,8,23,27,95,68,0,12,0,11,27,72,18,8,4,2,62,16,39,52,464,129,69,56,142,27,0,16,48,0,0,23,134,58,7,36,13,0,16,15,54,0,29,9,0,46,6,5,23,49,48,0,6,0,15,0,20,0,5,34,36,5
3,24,10,0,12,14,53,54,0,12,24,0,35,8,8,0,0,8,14,67,0,87,43,38,20,54,22,7,0,29,11,27,0,0,22,28,31,37,50,175,0,324,0,0,0,22,18,79,1,5,56,93,430,0,0,0,44,9,23,0,77,5,27,22,11,45,75,0,17,20,55,97,48,17,18,15,3,7,0,6,25,430,157,37,31,127,33,18,18,0,34,14,17,123,4,0,0,0,0,17,0,21,0,0,3,4,4,0,9,0,39,33,0,7,0,0,10,0,0,0,0,0,0
100,120,15,39,18,11,82,39,63,72,6,11,147,82,13,0,0,64,57,101,33,22,84,101,56,67,57,28,51,33,57,79,59,17,71,55,81,122,107,410,324,0,213,49,19,130,29,40,63,46,311,520,622,26,15,23,18,0,78,45,58,65,64,10,58,29,64,10,27,35,36,19,69,56,11,74,47,30,19,68,51,277,39,53,40,84,39,52,0,16,0,0,17,58,24,66,0,13,14,44,0,17,39,6,41,58,20,34,34,12,52,35,42,0,0,8,0,13,0,34,0,15,0
68,17,18,5,0,0,30,23,0,0,10,7,42,0,0,0,0,8,0,0,2,22,23,11,13,17,5,0,0,0,40,7,0,0,19,17,9,0,12,38,0,213,0,20,6,34,2,3,0,30,52,193,400,32,0,0,0,0,5,2,3,22,16,9,0,38,37,0,10,19,57,89,113,31,52,0,0,15,5,37,19,247,113,41,23,89,21,19,3,10,14,0,39,148,0,10,0,0,0,0,26,0,0,0,5,13,0,0,19,0,23,0,22,7,0,9,0,10,0,0,0,0,0
9,0,0,0,0,0,4,0,0,0,0,0,34,0,0,0,0,0,0,12,0,11,0,0,0,7,22,0,0,0,0,15,13,4,36,39,0,3,16,28,0,49,20,0,6,10,20,1,0,0,25,89,32,28,0,0,2,4,13,0,0,14,0,0,0,0,45,0,0,0,36,13,66,2,26,17,0,4,0,40,0,182,86,15,22,25,4,0,0,0,0,7,2,49,4,0,0,0,0,0,22,0,0,0,13,0,0,0,18,0,5,0,0,0,0,0,13,0,0,27,11,0,0
22,7,6,0,0,0,61,0,0,0,8,16,10,0,0,0,0,0,0,0,0,0,0,0,14,0,0,0,0,0,21,18,0,10,13,9,0,0,9,18,0,19,6,6,0,24,8,30,35,30,13,47,82,49,8,0,12,7,16,39,8,0,15,0,0,21,9,14,8,0,37,81,77,7,3,17,0,0,12,39,37,254,48,23,7,25,10,3,0,0,0,1,0,105,0,25,0,0,0,0,3,22,4,0,0,0,12,0,0,3,9,13,0,0,0,0,3,0,0,0,0,0,0
84,104,39,26,10,84,62,19,25,25,6,19,82,19,140,73,100,105,41,46,0,22,39,20,5,53,46,46,73,108,156,313,304,75,59,35,0,33,0,43,22,130,34,10,24,0,87,80,50,50,27,55,81,75,110,32,81,116,46,58,17,0,10,0,28,54,46,3,0,75,95,142,90,54,49,16,13,0,58,43,25,359,133,0,15,55,31,15,0,4,21,0,19,136,38,10,19,0,46,19,60,0,82,40,38,75,78,10,0,24,59,83,0,59,29,18,77,7,39,0,18,16,18
0,5,10,25,32,0,27,0,0,0,0,0,23,41,23,9,69,25,5,15,0,0,0,0,9,33,0,16,0,8,0,98,57,8,24,11,0,12,0,15,18,29,2,20,8,87,0,104,82,15,27,14,119,6,0,35,8,0,20,32,12,3,0,2,11,51,52,31,10,7,70,75,66,25,10,3,13,0,0,67,12,265,125,26,30,35,11,14,0,13,0,0,16,217,24,6,0,35,5,7,11,0,0,9,0,29,26,6,0,12,23,41,0,0,18,0,7,0,0,10,0,14,8
23,24,32,36,71,18,7,17,35,0,0,0,62,27,54,25,4,96,30,9,19,0,13,0,17,64,64,47,52,94,76,63,62,40,99,25,0,0,0,28,79,40,3,1,30,80,104,0,73,54,26,38,165,124,50,42,41,16,17,24,29,44,11,33,9,34,63,43,27,72,112,158,45,23,14,33,24,36,15,96,44,360,225,29,50,91,43,17,5,0,6,56,69,153,41,25,24,0,32,26,31,23,35,26,12,0,57,18,54,2,28,0,0,0,30,0,0,28,13,0,27,0,7
3,11,25,0,22,14,16,33,0,0,6,3,19,55,18,3,15,51,19,23,11,0,0,19,7,0,12,42,34,14,7,70,11,1,32,72,4,0,7,19,1,63,0,0,35,50,82,73,0,44,13,14,128,93,25,21,0,19,10,27,21,8,21,19,2,34,127,0,8,0,27,39,75,0,13,9,10,35,19,39,58,288,51,30,5,58,23,14,0,2,9,5,13,79,20,1,0,6,0,0,30,22,0,0,0,26,11,0,1,0,77,0,0,0,10,14,9,9,0,0,0,0,0
5,24,4,0,12,0,10,0,0,0,0,21,0,14,9,11,23,20,2,1,0,5,0,6,0,13,18,3,0,12,21,43,16,7,0,16,4,0,0,26,5,46,30,0,30,50,15,54,44,0,27,71,163,32,3,0,0,17,3,27,0,0,0,1,29,0,61,11,0,33,18,83,33,5,38,0,21,0,20,44,18,256,68,18,13,28,4,4,0,0,0,0,17,41,11,0,0,0,0,0,0,68,0,0,0,0,0,0,0,0,43,8,0,0,7,0,0,0,0,13,0,0,5
45,15,19,13,30,9,8,0,13,0,9,14,13,28,16,7,11,20,8,30,21,14,8,18,11,0,24,12,0,0,12,12,26,10,11,73,0,46,18,45,56,311,52,25,13,27,27,26,13,27,0,170,223,94,51,23,8,9,24,0,49,45,12,8,0,49,52,32,11,22,29,100,70,12,38,32,21,34,10,75,21,268,78,0,0,53,25,34,8,0,7,7,44,87,18,7,18,0,0,45,10,0,0,8,24,0,0,14,9,0,38,23,0,25,18,5,15,0,0,0,0,0,22
44,47,24,50,24,0,59,51,16,19,44,33,153,58,18,0,18,31,40,85,40,1,67,18,64,71,54,30,33,11,21,38,14,19,41,85,44,88,59,134,93,520,193,89,47,55,14,38,14,71,170,0,644,39,0,13,40,0,98,34,115,30,22,21,30,59,18,13,44,19,59,35,45,47,36,11,55,19,18,54,19,420,192,46,47,63,49,36,0,5,29,0,4,80,24,33,0,0,35,34,15,36,0,2,53,17,29,33,0,9,19,0,0,7,10,22,17,0,43,32,14,22,0
201,190,25,10,77,9,121,153,65,144,165,38,123,32,48,21,87,104,73,74,44,166,288,222,145,181,139,163,109,83,101,88,110,56,71,148,105,116,136,340,430,622,400,32,82,81,119,165,128,163,223,644,0,170,42,39,10,47,87,64,97,102,127,110,86,62,68,38,48,60,50,41,0,145,86,85,89,92,68,21,0,20,12,29,89,28,38,54,66,21,20,19,0,36,20,44,34,68,92,47,0,60,91,122,48,53,28,31,37,61,1,53,0,100,7,7,40,12,50,51,57,67,19
1,39,17,0,0,40,27,8,15,0,15,15,11,27,0,5,11,55,7,7,49,4,6,2,14,31,0,61,0,26,23,72,52,24,11,30,0,0,19,27,0,26,32,28,49,75,6,124,93,32,94,39,170,0,19,34,8,28,22,31,49,32,32,18,11,36,58,9,2,19,74,25,93,37,14,10,1,0,30,54,29,343,157,27,12,51,5,33,4,29,27,0,23,92,0,0,0,0,10,41,70,12,31,2,5,4,9,0,24,41,21,0,0,19,34,40,28,8,21,58,47,14,4
4,0,0,0,2,0,2,0,0,0,0,0,24,0,2,0,13,14,6,0,4,0,20,0,2,0,0,15,0,14,4,10,0,0,2,26,0,0,0,10,0,15,0,0,8,110,0,50,25,3,51,0,42,19,0,169,78,49,54,50,2,5,9,0,0,57,41,25,9,10,51,44,99,0,0,0,0,7,0,80,22,631,311,0,10,89,7,0,17,0,0,25,12,63,14,0,0,0,0,0,12,11,0,0,0,0,14,0,0,0,116,27,0,0,0,0,11,0,0,0,0,12,0
24,4,4,0,50,0,23,0,7,0,0,26,13,13,0,5,0,45,5,0,0,0,0,0,0,0,1,0,0,7,29,23,5,0,11,12,0,0,0,7,0,23,0,0,0,32,35,42,21,0,23,13,39,34,169,0,219,117,35,25,23,0,10,0,0,0,62,32,0,14,66,174,131,10,24,0,2,0,0,74,40,477,142,22,18,156,15,58,1,8,0,0,29,136,7,16,0,11,0,17,38,70,0,0,0,0,0,1,51,0,68,0,0,0,44,0,27,6,0,0,0,0,8
36,51,0,0,10,8,9,0,8,4,0,0,46,22,51,0,27,26,7,19,11,0,0,0,0,1,0,20,24,27,22,105,40,13,10,0,0,10,6,16,44,18,0,2,12,81,8,41,0,0,8,40,10,8,78,219,0,93,52,6,28,0,0,14,25,71,96,32,0,22,120,128,55,20,22,16,8,0,6,112,29,442,118,0,57,21,36,21,0,0,10,0,39,69,27,0,42,14,0,16,15,0,13,0,25,4,30,0,0,27,42,6,0,0,42,4,8,0,0,29,8,17,38
2,17,38,27,17,19,87,0,7,5,0,21,37,26,6,5,27,27,7,13,4,13,0,0,0,3,21,58,23,10,19,27,16,17,19,8,16,0,21,18,9,0,0,4,7,116,0,16,19,17,9,0,47,28,49,117,93,0,7,21,13,0,6,0,10,17,53,53,1,32,96,107,95,16,26,25,8,0,8,69,12,488,165,67,29,51,13,41,0,9,5,18,13,206,7,38,0,4,0,2,33,21,48,0,6,92,17,0,0,28,64,23,25,25,21,4,61,12,5,0,32,25,0
0,40,5,8,16,0,8,3,8,8,0,6,25,12,14,19,17,10,0,25,35,6,0,38,3,0,0,0,23,22,45,103,37,5,45,10,12,10,0,87,23,78,5,13,16,46,20,17,10,3,24,98,87,22,54,35,52,7,0,183,33,17,30,1,1,27,58,115,17,60,106,121,83,14,9,12,0,2,25,30,40,415,156,12,28,58,4,12,19,16,14,17,22,147,0,0,16,11,0,0,17,15,3,0,18,1,14,0,15,31,39,0,16,0,6,0,0,0,10,0,7,26,8
44,25,1,54,0,2,3,0,0,9,0,0,19,11,19,19,18,14,3,32,28,0,10,0,0,0,12,15,12,24,13,104,56,24,47,21,0,0,0,0,0,45,2,0,39,58,32,24,27,27,0,34,64,31,50,25,6,21,183,0,36,19,17,0,28,24,124,124,13,43,39,126,98,7,15,17,11,40,44,66,27,400,159,41,60,69,19,14,4,0,6,0,60,102,10,0,0,0,20,19,37,36,11,0,0,0,10,11,22,0,67,0,0,11,0,15,4,9,10,31,0,0,0
8,29,7,0,15,21,14,8,1,30,0,33,18,17,12,0,8,62,0,8,7,0,8,7,5,16,16,5,12,28,15,15,0,4,28,16,0,8,42,60,77,58,3,0,8,17,12,29,21,0,49,115,97,49,2,23,28,13,33,36,0,56,21,20,21,82,48,0,22,33,5,43,139,49,28,43,13,72,2,41,97,443,123,44,62,56,21,9,19,17,0,0,32,69,8,47,13,0,0,0,21,37,0,0,6,19,0,8,9,10,16,0,0,16,29,17,4,0,7,0,0,0,6
5,0,0,0,14,14,0,0,7,0,0,0,21,4,0,10,0,0,0,26,12,10,31,0,6,0,17,0,18,4,0,28,0,0,9,31,6,2,9,28,5,65,22,14,0,0,3,44,8,0,45,30,102,32,5,0,0,0,17,19,56,0,4,33,9,33,33,23,9,4,63,33,38,0,13,30,23,12,10,56,18,343,78,1,25,80,36,13,8,0,8,0,14,48,2,5,5,0,0,0,0,0,14,27,0,0,10,0,0,8,72,0,0,54,0,0,0,0,0,3,6,0,21
2,20,0,37,4,0,0,0,0,0,0,15,15,0,8,2,0,10,10,11,0,3,0,3,15,26,0,0,0,0,16,5,0,16,0,0,0,0,0,8,27,64,16,0,15,10,0,11,21,0,12,22,127,32,9,10,0,6,30,17,21,4,0,23,21,23,39,0,0,0,17,98,39,5,20,4,14,61,8,23,16,460,255,11,51,65,49,9,0,0,0,3,6,105,10,13,11,17,0,1,0,39,12,0,0,0,0,24,0,0,47,0,0,0,29,0,44,0,0,0,0,0,0
15,19,4,0,6,0,50,0,0,0,26,0,16,0,0,0,0,0,0,13,0,0,0,0,0,0,31,12,0,0,0,0,0,0,0,0,23,0,13,23,22,10,9,0,0,0,2,33,19,1,8,21,110,18,0,0,14,0,1,0,20,33,23,0,10,56,24,0,17,8,16,78,23,18,40,68,3,27,7,43,10,262,129,3,31,67,8,29,7,22,13,0,7,8,4,14,0,0,0,3,3,14,0,5,28,23,9,0,0,4,32,0,0,0,0,0,0,19,0,0,6,24,16
2,5,0,0,9,0,0,0,0,0,0,0,0,11,0,10,9,0,13,15,0,3,12,0,8,8,2,0,12,0,0,14,24,14,0,6,0,0,1,27,11,58,0,0,0,28,11,9,2,29,0,30,86,11,0,0,25,10,1,28,21,9,21,10,0,53,28,6,0,0,121,64,74,44,11,39,6,30,8,93,23,356,64,42,61,50,92,3,0,2,31,0,87,85,66,15,0,0,0,7,15,0,0,0,20,0,0,0,12,0,31,0,0,0,0,0,35,0,0,0,13,0,0
22,57,24,29,26,52,82,25,6,7,10,0,27,19,74,6,5,72,36,19,36,24,12,12,40,32,14,69,29,44,29,33,10,6,10,39,17,48,18,95,45,29,38,0,21,54,51,34,34,0,49,59,62,36,57,0,71,17,27,24,82,33,23,56,53,0,82,7,18,96,37,89,88,111,51,23,7,51,14,50,52,249,91,82,18,46,36,32,61,28,0,7,16,87,45,22,9,13,22,20,14,30,42,47,8,6,43,8,14,28,30,25,0,0,28,21,43,28,13,0,0,13,7
57,19,5,0,54,16,68,51,35,7,5,31,81,12,78,29,16,60,53,31,14,30,61,1,31,33,46,54,81,30,104,81,90,14,49,57,29,8,18,68,75,64,37,45,9,46,52,63,127,61,52,18,68,58,41,62,96,53,58,124,48,33,39,24,28,82,0,113,62,96,102,180,117,174,86,28,2,78,32,109,106,465,244,140,50,96,39,16,28,16,23,28,54,147,52,86,55,94,63,43,55,64,37,33,35,59,48,48,70,74,65,79,29,35,14,26,15,68,17,51,54,0,55
5,27,6,0,8,0,0,0,14,0,0,8,63,0,3,0,0,27,0,17,2,11,0,0,5,0,7,56,15,2,0,14,0,6,8,12,0,0,0,0,0,10,0,0,14,3,31,43,0,11,32,13,38,9,25,32,32,53,115,124,0,23,0,0,6,7,113,0,83,124,65,62,46,15,2,5,4,19,44,21,13,284,101,16,9,39,4,0,8,0,0,0,19,72,22,0,0,0,12,0,41,1,0,6,2,0,0,38,6,0,6,0,0,0,6,0,30,2,0,0,0,0,10
0,0,0,0,0,0,14,0,0,0,0,7,16,0,0,4,6,0,0,0,0,0,0,0,0,0,0,0,5,0,22,0,5,0,0,21,0,0,0,12,17,27,10,0,8,0,10,27,8,0,11,44,48,2,9,0,0,1,17,13,22,9,0,17,0,18,62,83,0,66,83,87,59,7,21,10,9,0,0,69,24,513,54,13,10,36,0,0,4,0,0,0,42,43,0,12,0,0,0,0,0,8,0,0,0,0,0,0,0,0,57,0,0,0,25,0,0,0,0,6,0,0,0
29,16,19,28,10,31,72,23,0,0,0,0,43,13,0,0,0,21,16,0,4,3,0,0,19,17,0,21,16,9,15,0,2,14,4,3,0,0,0,0,20,35,19,0,0,75,7,72,0,33,22,19,60,19,10,14,22,32,60,43,33,4,0,8,0,96,96,124,66,0,248,221,171,14,44,0,0,19,3,88,72,671,228,19,70,98,39,0,0,0,0,11,46,142,7,24,12,10,0,6,8,15,14,10,18,7,7,13,0,39,90,0,19,27,3,10,20,6,0,21,35,0,0
15,77,37,57,27,49,26,30,17,5,7,24,37,35,73,13,61,109,75,29,15,56,56,7,8,37,70,21,25,62,35,54,79,55,101,17,19,0,0,11,55,36,57,36,37,95,70,112,27,18,29,59,50,74,51,66,120,96,106,39,5,63,17,16,121,37,102,65,83,248,0,98,51,89,61,44,44,82,54,74,58,179,155,33,50,22,65,44,15,41,13,0,15,57,18,65,24,69,59,86,32,43,106,62,28,27,69,56,34,49,17,0,30,6,7,97,65,94,48,34,21,57,44
80,97,15,85,149,56,153,109,59,28,58,44,156,83,111,48,33,136,74,45,18,104,104,62,16,56,70,103,96,157,78,49,47,83,19,50,16,12,33,27,97,19,89,13,81,142,75,158,39,83,100,35,41,25,44,174,128,107,121,126,43,33,98,78,64,89,180,62,87,221,98,0,123,196,144,36,127,120,49,209,110,273,186,73,61,50,66,48,92,112,6,15,25,136,126,65,118,142,59,61,95,212,96,21,21,97,99,143,97,64,70,93,60,9,48,154,155,80,139,38,113,63,27
94,103,45,32,72,31,90,56,22,14,9,19,44,84,58,70,73,121,96,56,110,130,104,11,38,77,77,49,104,80,109,73,82,67,41,73,2,35,28,72,48,69,113,66,77,90,66,45,75,33,70,45,0,93,99,131,55,95,83,98,139,38,39,23,74,88,117,46,59,171,51,123,0,266,129,51,100,7,56,72,90,212,95,29,111,39,42,58,25,64,34,29,15,59,167,86,46,71,56,134,51,99,99,94,91,152,43,161,96,34,4,94,21,100,33,62,167,110,68,97,80,67,16
15,20,0,30,0,0,14,3,0,0,0,0,29,0,4,0,4,55,9,18,18,33,0,10,4,1,30,9,0,0,23,14,10,29,0,13,31,0,0,18,17,56,31,2,7,54,25,23,0,5,12,47,145,37,0,10,20,16,14,7,49,0,5,18,44,111,174,15,7,14,89,196,266,0,119,26,33,32,46,112,78,719,413,98,253,123,78,83,23,46,0,37,55,216,67,0,0,5,11,17,50,12,0,6,23,0,21,7,0,13,52,0,16,0,10,34,0,6,0,12,0,0,0
23,17,18,26,0,25,10,18,0,8,4,0,20,8,0,0,7,33,24,8,18,0,12,6,4,15,0,8,17,28,7,14,37,23,7,0,6,0,21,8,18,11,52,26,3,49,10,14,13,38,38,36,86,14,0,24,22,26,9,15,28,13,20,40,11,51,86,2,21,44,61,144,129,119,0,97,71,18,89,80,64,349,203,32,160,93,105,65,22,69,24,0,51,111,107,56,0,0,20,37,21,81,32,6,9,34,0,40,22,15,82,9,0,22,0,0,24,20,0,49,17,7,0
8,16,0,0,0,3,23,0,0,0,12,0,25,10,0,0,0,0,7,0,0,5,14,2,17,0,19,0,14,21,6,29,0,0,9,28,0,27,0,4,15,74,0,17,17,16,3,33,9,0,32,11,85,10,0,0,16,25,12,17,43,30,4,68,39,23,28,5,10,0,44,36,51,26,97,0,3,35,32,24,26,283,47,44,49,24,35,27,15,28,15,0,22,117,19,26,0,0,6,0,0,10,11,0,33,20,0,24,5,28,8,0,0,0,0,0,16,12,0,13,0,26,0
2,4,0,10,0,0,23,0,0,0,11,0,17,16,0,0,0,0,19,0,5,0,0,0,0,19,0,4,0,0,17,0,16,11,7,32,9,0,23,2,3,47,0,0,0,13,13,24,10,21,21,55,89,1,0,2,8,8,0,11,13,23,14,3,6,7,2,4,9,0,44,127,100,33,71,3,0,40,8,29,16,275,115,18,58,25,67,33,4,32,24,30,37,147,11,32,7,0,11,0,17,7,15,0,0,0,3,0,0,1,27,0,0,0,4,9,0,0,0,0,2,20,0
24,0,0,1,0,0,3,0,4,0,0,0,0,5,8,0,0,0,28,15,6,3,10,0,17,0,18,0,10,28,0,0,0,4,15,12,6,24,15,62,7,30,15,4,0,0,0,36,35,0,34,19,92,0,7,0,0,0,2,40,72,12,61,27,30,51,78,19,0,19,82,120,7,32,18,35,40,0,19,48,20,302,54,37,82,94,78,61,58,26,33,6,24,83,2,18,0,30,0,17,0,0,53,16,19,5,7,0,0,0,38,0,0,0,0,17,0,0,5,13,23,0,0
2,0,33,0,17,0,33,2,0,0,0,12,4,0,0,0,0,1,0,8,11,0,0,20,0,10,9,0,0,0,0,10,0,0,17,30,6,0,10,16,0,19,5,0,12,58,0,15,19,20,10,18,68,30,0,0,6,8,25,44,2,10,8,7,8,14,32,44,0,3,54,49,56,46,89,32,8,19,0,70,75,201,132,37,85,70,62,109,26,18,14,19,48,75,1,8,16,0,0,5,3,19,23,0,43,14,12,13,27,0,21,0,4,6,25,4,0,0,0,0,51,0,0
0,5,11,37,46,41,64,35,51,10,4,0,41,55,60,28,12,47,44,43,22,47,29,35,5,35,79,26,13,37,12,111,41,63,64,40,5,33,0,39,6,68,37,40,39,43,67,96,39,44,75,54,21,54,80,74,112,69,30,66,41,56,23,43,93,50,109,21,69,88,74,209,72,112,80,24,29,48,70,0,67,369,168,29,44,96,46,27,0,41,0,31,34,102,40,26,56,23,46,27,66,87,39,25,43,46,12,38,52,76,34,59,74,34,0,78,82,52,63,34,59,62,27
0,32,0,0,8,0,44,0,0,0,11,0,0,20,25,23,5,30,29,20,0,8,27,12,22,0,36,14,13,27,37,38,64,3,19,23,6,11,0,52,25,51,19,0,37,25,12,44,58,18,21,19,0,29,22,40,29,12,40,27,97,18,16,10,23,52,106,13,24,72,58,110,90,78,64,26,16,20,75,67,0,282,150,62,17,13,22,22,3,45,60,0,34,84,28,34,52,85,8,38,42,68,18,18,20,31,52,85,0,0,5,25,0,3,20,17,0,18,64,27,12,25,2
187,392,108,220,226,231,351,252,168,65,92,197,258,227,179,169,255,433,281,184,183,250,294,204,127,380,342,421,297,305,413,545,328,324,331,316,148,83,107,464,430,277,247,182,254,359,265,360,288,256,268,420,20,343,631,477,442,488,415,400,443,343,460,262,356,249,465,284,513,671,179,273,212,719,349,283,275,302,201,369,282,0,350,257,219,110,184,231,336,401,122,60,114,164,351,373,507,384,353,571,327,409,290,342,286,543,287,369,319,241,42,218,168,217,44,268,531,370,415,288,309,512,164
102,112,34,124,105,35,153,154,60,49,16,24,146,57,113,19,42,118,114,69,146,93,119,58,103,90,143,205,43,145,160,117,136,49,41,233,13,62,40,129,157,39,113,86,48,133,125,225,51,68,78,192,12,157,311,142,118,165,156,159,123,78,255,129,64,91,244,101,54,228,155,186,95,413,203,47,115,54,132,168,150,350,0,144,191,135,75,114,80,111,22,6,67,123,123,125,111,177,173,65,126,183,101,128,208,137,202,137,144,54,6,103,138,72,66,65,92,78,189,97,174,139,152
40,91,0,72,0,9,51,27,0,11,22,24,32,9,11,29,36,35,29,15,22,4,27,0,6,49,22,0,18,39,22,61,35,10,18,40,25,0,27,69,37,53,41,15,23,0,26,29,30,18,0,46,29,27,0,22,0,67,12,41,44,1,11,3,42,82,140,16,13,19,33,73,29,98,32,44,18,37,37,29,62,257,144,0,90,26,78,19,23,18,0,23,14,83,37,39,27,23,17,12,33,75,73,3,59,70,33,50,20,11,2,0,66,20,0,54,22,3,10,21,85,0,40
24,34,33,58,0,15,32,2,5,17,0,41,0,88,35,28,52,51,69,26,7,13,41,51,10,16,38,20,2,34,0,19,27,0,15,0,9,57,48,56,31,40,23,22,7,15,30,50,5,13,0,47,89,12,10,18,57,29,28,60,62,25,51,31,61,18,50,9,10,70,50,61,111,253,160,49,58,82,85,44,17,219,191,90,0,72,136,77,66,26,31,12,33,102,22,63,0,22,8,79,53,141,49,35,74,26,14,66,90,17,24,3,15,26,26,32,85,21,18,125,30,0,22
9,289,13,61,77,0,195,34,45,21,45,25,62,39,38,18,18,95,108,34,77,70,63,67,38,23,52,75,92,131,92,106,97,14,60,142,5,30,18,142,127,84,89,25,25,55,35,91,58,28,53,63,28,51,89,156,21,51,58,69,56,80,65,67,50,46,96,39,36,98,22,50,39,123,93,24,25,94,70,96,13,110,135,26,72,0,66,64,65,34,14,29,26,103,53,95,47,59,79,54,41,135,116,120,72,153,130,123,29,20,0,65,92,88,57,99,84,89,109,71,118,225,51
3,44,4,23,16,0,63,0,0,16,25,22,9,0,42,10,18,0,7,0,0,0,33,10,0,13,3,0,6,20,12,43,40,0,16,0,6,8,0,27,33,39,21,4,10,31,11,43,23,4,25,49,38,5,7,15,36,13,4,19,21,36,49,8,92,36,39,4,0,39,65,66,42,78,105,35,67,78,62,46,22,184,75,78,136,66,0,53,26,30,6,0,11,65,45,69,19,0,37,1,34,28,38,136,64,16,28,76,34,39,16,0,0,17,0,0,17,17,35,0,30,47,39
18,27,0,0,13,0,23,1,13,7,0,7,0,15,18,2,0,20,0,21,15,0,5,16,19,19,0,28,6,3,6,21,0,7,8,23,0,8,0,0,18,52,19,0,3,15,14,17,14,4,34,36,54,33,0,58,21,41,12,14,9,13,9,29,3,32,16,0,0,0,44,48,58,83,65,27,33,61,109,27,22,231,114,19,77,64,53,0,7,56,36,21,14,107,75,21,24,12,20,39,31,61,0,0,5,35,14,57,0,40,33,19,26,6,5,0,56,8,0,52,15,63,5
13,2,0,0,0,0,13,18,0,0,14,0,0,0,0,0,0,0,0,0,0,0,0,0,0,0,0,0,0,0,0,14,0,0,3,0,0,0,0,16,18,0,3,0,0,0,0,5,0,0,8,0,66,4,17,1,0,0,19,4,19,8,0,7,0,61,28,8,4,0,15,92,25,23,22,15,4,58,26,0,3,336,80,23,66,65,26,7,0,25,36,24,10,125,1,42,0,0,0,9,0,13,0,13,3,11,0,0,10,3,30,0,3,0,0,0,0,0,0,3,21,7,0
7,0,4,0,0,0,0,0,11,7,0,0,23,11,6,0,0,25,0,5,0,0,14,0,7,2,0,0,3,0,31,0,0,0,0,4,0,0,0,48,0,16,10,0,0,4,13,0,2,0,0,5,21,29,0,8,0,9,16,0,17,0,0,22,2,28,16,0,0,0,41,112,64,46,69,28,32,26,18,41,45,401,111,18,26,34,30,56,25,0,78,35,30,137,25,55,0,0,0,0,14,64,7,33,30,58,3,0,0,0,81,44,29,15,4,0,42,0,0,5,24,23,0
13,41,5,0,0,0,6,0,0,0,0,8,42,0,15,0,0,0,0,0,6,0,0,14,2,9,0,7,2,0,0,15,15,0,0,15,0,7,0,0,34,0,14,0,0,21,0,6,9,0,7,29,20,27,0,0,10,5,14,6,0,8,0,13,31,0,23,0,0,0,13,6,34,0,24,15,24,33,14,0,60,122,22,0,31,14,6,36,36,78,0,91,0,96,58,18,0,8,13,0,12,65,45,27,193,80,0,0,13,68,26,140,50,38,45,0,14,0,4,24,88,0,0
20,22,0,0,35,0,62,20,0,0,16,19,14,0,17,0,13,14,0,4,0,16,9,0,0,0,0,14,0,0,5,0,0,0,11,0,3,11,0,0,14,0,0,7,1,0,0,56,5,0,7,0,19,0,25,0,0,18,17,0,0,0,3,0,0,7,28,0,0,11,0,15,29,37,0,0,30,6,19,31,0,60,6,23,12,29,0,21,24,35,91,0,27,39,83,0,0,6,0,11,0,124,112,61,18,221,0,0,24,21,0,59,45,0,3,18,0,9,30,52,32,69,0
15,52,28,24,0,0,30,5,9,0,0,0,32,9,0,8,20,82,20,10,28,6,25,32,13,2,47,14,20,8,22,45,13,6,7,31,0,0,15,23,17,17,39,2,0,19,16,69,13,17,44,4,0,23,12,29,39,13,22,60,32,14,6,7,87,16,54,19,42,46,15,25,15,55,51,22,37,24,48,34,34,114,67,14,33,26,11,14,10,30,0,27,0,58,24,86,2,29,2,16,27,46,0,23,0,53,40,42,4,37,12,5,28,47,0,17,57,19,37,25,8,15,0
121,253,83,105,79,40,147,87,76,51,22,88,175,141,100,76,99,135,89,62,55,122,32,86,78,112,107,61,91,113,174,212,195,82,99,155,59,31,56,134,123,58,148,49,105,136,217,153,79,41,87,80,36,92,63,136,69,206,147,102,69,48,105,8,85,87,147,72,43,142,57,136,59,216,111,117,147,83,75,102,84,164,123,83,102,103,65,107,125,137,96,39,58,0,235,126,125,181,205,229,121,301,105,197,256,499,263,301,196,204,180,272,265,119,357,288,450,194,215,222,222,424,230
0,0,0,0,0,0,4,0,0,0,0,21,4,17,0,0,0,0,0,0,2,18,0,0,8,27,0,6,5,0,0,8,9,9,0,6,0,0,0,58,4,24,0,4,0,38,24,41,20,11,18,24,20,0,14,7,27,7,0,10,8,2,10,4,66,45,52,22,0,7,18,126,167,67,107,19,11,2,1,40,28,351,123,37,22,53,45,75,1,25,58,83,24,235,0,18,26,15,13,20,5,82,16,54,0,82,46,22,6,0,20,40,0,44,9,24,0,3,0,0,2,15,0
1,1,0,14,40,0,8,53,7,0,2,5,19,0,0,0,4,45,0,21,3,0,5,7,0,7,0,0,3,14,0,0,9,0,0,0,0,3,0,7,0,66,10,0,25,10,6,25,1,0,7,33,44,0,0,16,0,38,0,0,47,5,13,14,15,22,86,0,12,24,65,65,86,0,56,26,32,18,8,26,34,373,125,39,63,95,69,21,42,55,18,0,86,126,18,0,0,0,0,0,11,4,67,10,87,21,11,7,16,22,70,0,19,24,30,20,44,5,0,32,16,54,0
1,0,0,0,0,0,13,8,0,0,0,0,0,32,0,0,0,11,0,0,0,0,0,0,0,0,0,2,15,0,9,17,0,0,0,0,0,1,0,36,0,0,0,0,0,19,0,24,0,0,18,0,34,0,0,0,42,0,16,0,13,5,11,0,0,9,55,0,0,12,24,118,46,0,0,0,7,0,16,56,52,507,111,27,0,47,19,24,0,0,0,0,2,125,26,0,0,113,49,236,59,12,19,0,0,14,113,90,86,51,145,0,0,38,10,29,0,35,14,0,0,0,7
1,0,0,0,0,0,0,0,0,0,0,0,8,7,0,0,8,0,0,38,0,0,0,0,0,0,10,0,0,0,0,39,0,0,0,5,0,0,0,13,0,13,0,0,0,0,35,0,6,0,0,0,68,0,0,11,14,4,11,0,0,0,17,0,0,13,94,0,0,10,69,142,71,5,0,0,0,30,0,23,85,384,177,23,22,59,0,12,0,0,8,6,29,181,15,0,113,0,65,90,94,10,10,0,24,62,98,0,0,0,88,0,5,0,45,10,40,2,13,29,10,0,0
2,13,0,0,0,0,5,0,0,0,0,0,0,0,0,0,0,0,0,0,0,0,0,0,0,0,18,0,0,0,0,0,0,0,0,0,0,0,0,0,0,14,0,0,0,46,5,32,0,0,0,35,92,10,0,0,0,0,0,20,0,0,0,0,0,22,63,12,0,0,59,59,56,11,20,6,11,0,0,46,8,353,173,17,8,79,37,20,0,0,13,0,2,205,13,0,49,65,0,84,32,46,17,4,0,0,298,37,29,14,113,13,0,0,10,5,5,0,27,0,0,0,28
0,0,0,2,0,0,9,0,0,0,15,0,21,32,0,0,3,0,0,2,5,0,11,0,9,6,12,8,0,0,0,11,0,0,13,6,0,0,9,16,17,44,0,0,0,19,7,26,0,0,45,34,47,41,0,17,16,2,0,19,0,0,1,3,7,20,43,0,0,6,86,61,134,17,37,0,0,17,5,27,38,571,65,12,79,54,1,39,9,0,0,11,16,229,20,0,236,90,84,0,32,33,0,23,34,4,187,120,54,11,136,0,0,0,22,34,60,34,132,16,34,0,17
0,0,4,0,26,9,27,20,3,0,0,2,0,59,0,16,0,64,14,17,0,0,15,7,2,0,1,14,21,24,0,28,0,6,5,79,0,0,0,15,0,0,26,22,3,60,11,31,30,0,10,15,0,70,12,38,15,33,17,37,21,0,0,3,15,14,55,41,0,8,32,95,51,50,21,0,17,0,3,66,42,327,126,33,53,41,34,31,0,14,12,0,27,121,5,11,59,94,32,32,0,34,6,22,0,22,185,105,62,49,65,24,0,0,41,179,62,26,94,5,13,22,33
21,21,13,0,0,0,24,8,4,7,23,0,28,22,0,13,4,21,0,0,0,8,0,16,26,15,0,17,23,0,0,19,10,0,20,4,3,20,42,54,21,17,0,0,22,0,0,23,22,68,0,36,60,12,11,70,0,21,15,36,37,0,39,14,0,30,64,1,8,15,43,212,99,12,81,10,7,0,19,87,68,409,183,75,141,135,28,61,13,64,65,124,46,301,82,4,12,10,46,33,34,0,70,39,131,231,37,12,5,33,182,109,77,43,11,0,30,23,50,98,117,75,11
20,0,0,0,0,3,3,0,0,0,0,0,0,0,0,0,0,0,0,28,0,7,0,14,18,0,0,8,0,0,0,0,0,0,20,14,17,0,0,0,0,39,0,0,4,82,0,35,0,0,0,0,91,31,0,0,13,48,3,11,0,14,12,0,0,42,37,0,0,14,106,96,99,0,32,11,15,53,23,39,18,290,101,73,49,116,38,0,0,7,45,112,0,105,16,67,19,10,17,0,6,70,0,68,91,11,0,12,10,0,124,19,22,72,15,30,0,5,0,6,120,39,15
6,0,0,0,3,0,0,0,0,0,9,0,0,0,0,0,0,0,0,0,0,0,0,0,0,0,9,0,0,0,0,2,0,3,0,16,0,0,0,29,0,6,0,0,0,40,9,26,0,0,8,2,122,2,0,0,0,0,0,0,0,27,0,5,0,47,33,6,0,10,62,21,94,6,6,0,0,16,0,25,18,342,128,3,35,120,136,0,13,33,27,61,23,197,54,10,0,0,4,23,22,39,68,0,71,0,0,0,9,4,76,12,0,56,19,0,0,0,0,0,31,0,0
1,0,0,0,0,7,53,0,0,0,0,0,8,0,0,5,0,0,0,0,0,5,0,0,0,2,0,0,3,0,0,3,0,0,0,0,0,12,0,9,3,41,5,13,0,38,0,12,0,0,24,53,48,5,0,0,25,6,18,0,6,0,0,28,20,8,35,2,0,18,28,21,91,23,9,33,0,19,43,43,20,286,208,59,74,72,64,5,3,30,193,18,0,256,0,87,0,24,0,34,0,131,91,71,0,30,25,16,26,5,67,83,89,4,9,0,20,0,0,39,99,2,0
12,0,0,7,11,12,0,13,0,0,0,0,11,0,0,1,0,0,0,37,0,0,0,0,0,0,13,0,0,0,5,25,9,0,0,0,0,4,0,0,4,58,13,0,0,75,29,0,26,0,0,17,53,4,0,0,4,92,1,0,19,0,0,23,0,6,59,0,0,7,27,97,152,0,34,20,0,5,14,46,31,543,137,70,26,153,16,35,11,58,80,221,53,499,82,21,14,62,0,4,22,231,11,0,30,0,11,17,15,21,259,32,22,11,18,20,35,4,15,141,13,0,0
0,10,0,0,0,19,24,0,0,0,0,0,27,22,0,5,3,0,35,0,0,7,0,0,12,12,0,15,0,0,0,0,0,0,0,1,0,0,0,46,4,20,0,0,12,78,26,57,11,0,0,29,28,9,14,0,30,17,14,10,0,10,0,9,0,43,48,0,0,7,69,99,43,21,0,0,3,7,12,12,52,287,202,33,14,130,28,14,0,3,0,0,40,263,46,11,113,98,298,187,185,37,0,0,25,11,0,152,87,44,10,23,0,0,72,71,170,67,129,21,2,0,76
4,0,0,0,13,0,35,0,0,0,6,0,34,2,2,0,9,47,13,32,0,0,0,0,0,9,26,0,0,0,8,5,0,1,10,13,0,0,0,6,0,34,0,0,0,10,6,18,0,0,14,33,31,0,0,1,0,0,0,11,8,0,24,0,0,8,48,38,0,13,56,143,161,7,40,24,0,0,13,38,85,369,137,50,66,123,76,57,0,0,0,0,42,301,22,7,90,0,37,120,105,12,12,0,16,17,152,0,26,73,157,9,0,13,31,21,31,35,81,0,0,0,22
2,39,0,0,15,0,0,0,0,0,0,0,18,0,0,0,0,0,0,15,6,0,0,9,0,0,0,20,0,7,0,7,0,0,2,0,0,0,0,5,9,34,19,18,0,0,0,54,1,0,9,0,37,24,0,51,0,0,15,22,9,0,0,0,12,14,70,6,0,0,34,97,96,0,22,5,0,0,27,52,0,319,144,20,90,29,34,0,10,0,13,24,4,196,6,16,86,0,29,54,62,5,10,9,26,15,87,26,0,0,122,15,12,19,43,19,36,6,20,4,17,0,0
1,0,6,0,11,0,0,0,6,0,3,0,27,8,58,0,5,16,13,0,8,30,4,0,0,0,13,4,0,14,0,28,16,5,14,0,3,0,0,23,0,12,0,0,3,24,12,2,0,0,0,9,61,41,0,0,27,28,31,0,10,8,0,4,0,28,74,0,0,39,49,64,34,13,15,28,1,0,0,76,0,241,54,11,17,20,39,40,3,0,68,21,37,204,0,22,51,0,14,11,49,33,0,4,5,21,44,73,0,0,101,6,3,50,48,15,81,21,12,7,0,14,33
23,65,56,49,46,15,94,40,34,13,28,0,66,50,91,13,29,45,48,25,70,23,10,6,31,72,51,37,47,32,49,91,70,48,0,59,22,25,3,49,39,52,23,5,9,59,23,28,77,43,38,19,1,21,116,68,42,64,39,67,16,72,47,32,31,30,65,6,57,90,17,70,4,52,82,8,27,38,21,34,5,42,6,2,24,0,16,33,30,81,26,0,12,180,20,70,145,88,113,136,65,182,124,76,67,259,10,157,122,101,0,74,125,80,55,274,205,75,198,122,120,202,79
0,56,12,0,0,0,33,0,0,0,0,0,17,3,0,0,0,29,0,15,0,0,0,17,2,0,0,6,0,11,0,6,0,0,0,0,8,0,0,48,33,35,0,0,13,83,41,0,0,8,23,0,53,0,27,0,6,23,0,0,0,0,0,0,0,25,79,0,0,0,0,93,94,0,9,0,0,0,0,59,25,218,103,0,3,65,0,19,0,44,140,59,5,272,40,0,0,0,13,0,24,109,19,12,83,32,23,9,15,6,74,0,15,14,38,0,0,0,0,68,61,8,26
0,0,0,0,0,0,10,5,6,0,20,0,53,3,0,0,0,0,30,3,0,10,0,3,0,0,0,0,4,0,0,5,0,0,0,0,0,0,0,0,0,42,22,0,0,0,0,0,0,0,0,0,0,0,0,0,0,25,16,0,0,0,0,0,0,0,29,0,0,19,30,60,21,16,0,0,0,0,4,74,0,168,138,66,15,92,0,26,3,29,50,45,28,265,0,19,0,5,0,0,0,77,22,0,89,22,0,0,12,3,125,15,0,24,0,0,16,0,0,21,66,0,0
0,0,0,0,0,26,0,0,0,0,0,0,0,14,5,0,0,0,5,0,0,0,0,0,0,0,0,16,3,0,0,5,0,0,0,0,0,0,0,6,7,0,7,0,0,59,0,0,0,0,25,7,100,19,0,0,0,25,0,11,16,54,0,0,0,0,35,0,0,27,6,9,100,0,22,0,0,0,6,34,3,217,72,20,26,88,17,6,0,15,38,0,47,119,44,24,38,0,0,0,0,43,72,56,4,11,0,13,19,50,80,14,24,0,22,6,11,0,0,0,115,87,0
5,2,22,23,5,0,37,0,10,0,0,0,18,14,0,0,21,9,5,0,3,0,11,0,0,0,14,32,0,11,20,11,1,0,0,25,0,12,0,0,0,0,0,0,0,29,18,30,10,7,18,10,7,34,0,44,42,21,6,0,29,0,29,0,0,28,14,6,25,3,7,48,33,10,0,0,4,0,25,0,20,44,66,0,26,57,0,5,0,4,45,3,0,357,9,30,10,45,10,22,41,11,15,19,9,18,72,31,43,48,55,38,0,22,0,52,68,44,38,14,14,27,16
0,0,0,11,0,0,19,21,1,0,0,0,1,0,11,0,0,0,0,16,0,0,0,11,0,6,0,13,0,13,4,52,0,0,0,0,0,4,0,15,0,8,9,0,0,18,0,0,14,0,5,22,7,40,0,0,4,4,0,15,17,0,0,0,0,21,26,0,0,10,97,154,62,34,0,0,9,17,4,78,17,268,65,54,32,99,0,0,0,0,0,18,17,288,24,20,29,10,5,34,179,0,30,0,0,20,71,21,19,15,274,0,0,6,52,0,112,21,0,0,6,36,20
2,0,0,0,4,0,14,13,0,0,0,0,23,0,0,0,22,25,0,18,0,0,0,0,0,16,7,0,0,0,0,0,0,0,0,0,0,0,0,0,10,0,0,13,3,77,7,0,9,0,15,17,40,28,11,27,8,61,0,4,4,0,44,0,35,43,15,30,0,20,65,155,167,0,24,16,0,0,0,82,0,531,92,22,85,84,17,56,0,42,14,0,57,450,0,44,0,40,5,60,62,30,0,0,20,35,170,31,36,81,205,0,16,11,68,112,0,57,69,46,30,0,69
10,0,0,3,0,0,0,0,0,0,0,0,0,3,0,0,0,0,0,0,1,0,0,3,0,0,0,0,0,0,0,0,0,0,0,0,0,0,0,20,0,13,10,0,0,7,0,28,9,0,0,0,12,8,0,6,0,12,0,9,0,0,0,19,0,28,68,2,0,6,94,80,110,6,20,12,0,0,0,52,18,370,78,3,21,89,17,8,0,0,0,9,19,194,3,5,35,2,0,34,26,23,5,0,0,4,67,35,6,21,75,0,0,0,44,21,57,0,12,0,0,0,5
28,8,0,0,0,0,22,2,0,0,0,0,0,0,0,0,24,0,5,9,0,0,0,4,0,0,0,0,0,14,0,0,0,0,0,0,0,0,0,0,0,0,0,0,0,39,0,13,0,0,0,43,50,21,0,0,0,5,10,10,7,0,0,0,0,13,17,0,0,0,48,139,68,0,0,0,0,5,0,63,64,415,189,10,18,109,35,0,0,0,4,30,37,215,0,0,14,13,27,132,94,50,0,0,0,15,129,81,20,12,198,0,0,0,38,0,69,12,0,21,7,0,23
13,0,0,0,0,0,0,8,0,0,0,0,27,0,15,0,0,23,0,13,5,29,0,0,5,11,5,14,0,0,0,0,0,0,0,0,0,0,5,5,0,34,0,27,0,0,10,0,0,13,0,32,51,58,0,0,29,0,0,31,0,3,0,0,0,0,51,0,6,21,34,38,97,12,49,13,0,13,0,34,27,288,97,21,125,71,0,52,3,5,24,52,25,222,0,32,0,29,0,16,5,98,6,0,39,141,21,0,4,7,122,68,21,0,14,0,46,0,21,0,55,53,23
4,8,0,0,0,0,0,0,0,0,0,0,31,24,27,0,0,9,4,18,23,0,0,0,3,0,0,0,18,17,8,2,0,0,0,0,13,0,0,34,0,0,0,11,0,18,0,27,0,0,0,14,57,47,0,0,8,32,7,0,0,6,0,6,13,0,54,0,0,35,21,113,80,0,17,0,2,23,51,59,12,309,174,85,30,118,30,15,21,24,88,32,8,222,2,16,0,10,0,34,13,117,120,31,99,13,2,0,17,0,120,61,66,115,14,6,30,0,7,55,0,59,0
15,0,0,0,0,0,22,0,4,0,0,0,0,14,0,0,0,6,0,22,0,8,0,0,0,0,0,0,0,0,0,0,0,0,0,29,3,0,0,36,0,15,0,0,0,16,14,0,0,0,0,22,67,14,12,0,17,25,26,0,0,0,0,24,0,13,0,0,0,0,57,63,67,0,7,26,20,0,0,62,25,512,139,0,0,225,47,63,7,23,0,69,15,424,15,54,0,0,0,0,22,75,39,0,2,0,0,0,0,14,202,8,0,87,27,36,0,0,0,53,59,0,32
0,0,0,24,0,0,0,5,0,0,3,0,5,0,16,0,0,4,0,0,0,0,0,0,0,0,0,1,0,0,0,0,0,0,9,0,11,0,21,5,0,0,0,0,0,18,8,7,0,5,22,0,19,4,0,8,38,0,8,0,6,21,0,16,0,7,55,10,0,0,44,27,16,0,0,0,0,0,0,27,2,164,152,40,22,51,39,5,0,0,0,0,0,230,0,0,7,0,28,17,33,11,15,0,0,0,76,22,0,33,79,26,0,0,16,20,69,5,23,23,0,32,0
