0,5057.62739726027,13998.7616438356,7311.64657534247,58479.8054794521,5044.60821917808,5380.64383561644,10633.298630137,19960.9780821918,10936.895890411,20035.698630137,5001.80273972603,120286.156164384,22172.7534246575,9475.69863013699,12944.6602739726,14644.0493150685,24967.6,1708.47945205479,26561.2438356164,3037.85753424658,12671.6191780822,8017.81369863014,4849.55068493151,8109.95890410959,2160.64931506849,12203.0465753425,21952.7150684932,13008.6301369863,37601.495890411,5026.07397260274,26279.0109589041,5077.64931506849,4934.74520547945,10236.8438356164,18855.0410958904,36650.1589041096,16474.5753424658,6028.97260273973,876.309589041096,181521.032876712,16346.6356164384,12769.0273972603,10426.7890410959,39898.295890411,22893.8794520548,2148.11232876712,9274.72602739726,12725.9397260274,20116.7671232877,4174.04931506849,40961.397260274,5125.75890410959,37288,5251.15068493151,26915.6630136986,17909.2164383562,5851.59452054795,12959.002739726,25341.1452054795,5472.7698630137,9832.02465753425,7636.87123287671,6732.12328767123,27259.1808219178,6707.86575342466,34604.1205479452,95082.1397260274,13329.0630136986,7760.10410958904,41875.1753424658,16231.2876712329
5057.62739726027,0,12109.3397260274,6090.17260273973,52555.6,4277.48219178082,4597.45205479452,9621.45753424658,17250.5095890411,9440.15068493151,17124.8383561644,4328.73424657534,108059.273972603,19617.1232876712,8111.3095890411,11237.5232876712,12598.0821917808,22218.7616438356,1445.10136986301,23432.4136986301,2605.54246575342,11254.701369863,7234.43561643836,4278.9095890411,6945.08767123288,1833.85205479452,10042.0602739726,19364.1753424658,10830.0712328767,33805.0767123288,4460.46575342466,23628.9095890411,4400.72876712329,4355.75068493151,8710.26301369863,16806.7205479452,32165.1205479452,13902.0164383562,5101.7397260274,804.975342465753,166936.6,13934.104109589,10947.4575342466,9065.49863013699,36057.0739726027,20201.5616438356,1867.00273972603,8349.43287671233,11071.4219178082,17554.8164383562,3608.7698630137,37152.498630137,4458.34520547945,33388.2136986301,4465.35616438356,23330.9479452055,15656.704109589,4993.64931506849,11183.6684931507,22826.1671232877,4805.95616438356,8443.34794520548,6768.11232876712,5823.48493150685,23987.8109589041,5639.80821917808,30562.1479452055,84784.4356164383,11752.397260274,6688.81643835616,37177.8712328767,14602.4520547945
13998.7616438356,12109.3397260274,0,17395.9315068493,147988.567123288,12176.2684931507,13068.0136986301,27058.9945205479,48928.3452054795,26781.7068493151,48673.5123287671,12274.495890411,304299.77260274,55397.7698630137,23047.9452054795,31846.4383561644,35763.1616438356,62677.4054794521,4115.56164383562,66207.1068493151,7400.78630136986,31759.9534246575,20356.2465753425,12089.5205479452,19732.6273972603,5219.27397260274,28751.8821917808,54713.8575342466,30937.9068493151,95183.4082191781,12588.9863013699,66529.2164383562,12475.2630136986,12305.7506849315,24778.2082191781,47396.1671232877,90968.7178082192,39610.0602739726,14528.2575342466,2257.73150684931,468114.189041096,39624.8849315069,31097.5643835616,25683.7205479452,101428.197260274,57076.1342465753,5289.81369863014,23503.397260274,31363.0739726027,49700.8438356164,10234.898630137,104440.838356164,12630.1150684932,94078.9780821918,12704.1342465753,66137.0931506849,44311.9726027397,14197.5424657534,31729.0684931507,64248.2136986301,13590.5671232877,23976.8520547945,19106.8191780822,16514.4547945205,67807.9205479452,16080.3917808219,86333.8739726027,239081.893150685,33209.2356164384,18981.1452054795,104921.021917808,41110.3479452055
7311.64657534247,6090.17260273973,17395.9315068493,0,66429.2684931507,4908.7698630137,5348.14520547945,12288.3863013699,20466.0246575342,11176.2630136986,19932.295890411,5147.98082191781,136504.224657534,24194.0301369863,9466.17260273973,13434.501369863,14830.1671232877,27657.2794520548,1651.01095890411,28766.3917808219,3051.1698630137,13966.6849315068,9200.28493150685,5254.15890410959,8111.01095890411,2108.14246575342,10895.0273972603,23766.9863013699,12015.5561643836,42753.7561643836,5528.20273972603,29889.9178082192,5246.43835616438,5351.82739726027,10057.8164383562,20974.6082191781,39154.698630137,15815.0520547945,5833.2,1051.37260273973,218400.953424658,16141.5342465753,12810.7863013699,10865.597260274,45965.4904109589,24809.0191780822,2236.41095890411,10581.2602739726,13283.7780821918,21170.0931506849,4284.50136986301,47622.3095890411,5347.22191780822,41964.1205479452,5150.61917808219,27821.6136986301,18937.7342465753,5796.35068493151,13236.6739726027,28953.2602739726,5856.09589041096,9908.82465753425,8369.82739726027,6920.12054794521,29328.7534246575,6373.24109589041,37586.9835616438,105871.936986301,14414.6712328767,7900.11780821918,46107.1123287671,18487.2575342466
58479.8054794521,52555.6,147988.567123288,66429.2684931507,0,63042.5095890411,66989.2493150685,128519.178082192,247108.394520548,135478.082191781,249405.756164384,61876.0273972603,1459468.32054795,271205.868493151,117865.624657534,159884.438356164,181701.704109589,304460.942465753,21376.6520547945,325369.75890411,37750.2794520548,154678.17260274,97054.4602739726,59401.5123287671,100856.835616438,26988.9205479452,154703.890410959,268934.816438356,164014.323287671,456044.819178082,61377.5397260274,318698.906849315,62768.495890411,60432.9753424658,127712.704109589,229724.252054795,450166.989041096,206368.410958904,75419.2931506849,10504.5671232877,2174555.5890411,203755.567123288,158707.726027397,128685.715068493,482551.684931507,280412.802739726,26516.3835616438,112407.073972603,157011.419178082,247813.093150685,51662.0356164384,494437.961643836,63248.3753424658,453216.687671233,65531.8082191781,332698.701369863,220414.709589041,72897.3945205479,160539.838356164,307032.419178082,67200.0164383562,122102.956164384,93327.6410958904,83301.098630137,334354.430136986,84174.5178082192,423646.010958904,1158224.95616438,163325.424657534,96193.4602739726,511263.720547945,196787.309589041
5044.60821917808,4277.48219178082,12176.2684931507,4908.7698630137,63042.5095890411,0,4166.08493150685,9072.84383561644,15760.8054794521,8617.31506849315,15521.6931506849,3958.91232876712,101410.583561644,18220.4273972603,7360.07397260274,10300.1397260274,11472.5917808219,20719.1150684931,1299.79726027397,21721.0684931507,2367.59178082192,10481.2246575342,6809.18630136986,3966.80547945205,6303.75616438356,1653.65753424658,8845.6,17948.298630137,9625.54520547945,31741.2739726027,4151.63561643836,22188.3342465753,4028.90684931507,4039.1095890411,7868.8602739726,15689.8328767123,29708.6301369863,12482.2767123288,4590.2301369863,766.594520547945,159095.684931507,12604.797260274,9944.7698630137,8318.26575342466,33973.2821917808,18729.0575342466,1712.68767123288,7846.68219178082,10163.3561643836,16149.6821917808,3298.11506849315,35089.5452054795,4092.02465753425,31265.0547945205,4032.21095890411,21361.9561643836,14421.8109589041,4521.00821917808,10207.6520547945,21459.9917808219,4440.78904109589,7679.18356164384,6293.54794520548,5324.18356164384,22197.301369863,5050.0602739726,28352.0356164384,79170.095890411,10889.898630137,6099.71506849315,34613.3561643836,13717.2164383562
5380.64383561644,4597.45205479452,13068.0136986301,5348.14520547945,66989.2493150685,4166.08493150685,0,9952.64931506849,17570.6191780822,9611.21095890411,17375.397260274,4411.21643835616,111515.473972603,20141.9753424658,8234.37260273973,11463.9287671233,12811.5506849315,22857.7205479452,1460.82739726027,24036.0876712329,2646.89315068493,11570.8684931507,7476.57260273973,4389.35890410959,7051.47945205479,1856.07671232877,10050.3424657534,19862.1506849315,10885.4191780822,34895.0520547945,4584.53424657534,24391.8383561644,4486.83287671233,4468.76438356164,8823.65479452055,17299.4931506849,32935.7068493151,14041.4438356164,5158.04383561644,836.750684931507,173590.328767123,14124.5315068493,11119.6191780822,9252.99452054795,37283.202739726,20723.5561643836,1905.39178082192,8622.41917808219,11302.8465753425,17940.5232876712,3676.27123287671,38461.3808219178,4551.18630136986,34418.8821917808,4522.51232876712,23788.6602739726,16010.6054794521,5063.92328767123,11385.6712328767,23576.9479452055,4922.10410958904,8581.0904109589,6953.14520547945,5933.49589041096,24584.9150684932,5688.91780821918,31361.3643835616,87281.1260273973,12052.904109589,6806.73424657534,38217.1616438356,15076.6575342466
10633.298630137,9621.45753424658,27058.9945205479,12288.3863013699,128519.178082192,9072.84383561644,9952.64931506849,0,46348.9643835616,25417.0109589041,46878.2794520548,11602.6328767123,271621.452054795,50633.3726027397,22147.698630137,29962.602739726,34110.6712328767,56774.504109589,4025.75342465753,60780.895890411,7090.8904109589,28855.1479452055,18046.1068493151,11096.2109589041,18950.1589041096,5079.46575342466,29277.7643835616,50239.8794520548,30976.5863013699,84860.8684931507,11451.8438356164,59301.8684931507,11766.695890411,11288.0136986301,24025.101369863,42823.4767123288,84181.4136986301,38881.101369863,14202.2054794521,1945.64109589041,402665.446575342,38317.2328767123,29813.4246575342,24108.7643835616,89694.4904109589,52380.3287671233,4968.08219178082,20910.8465753425,29411.8739726027,46393.3780821918,9689.22739726027,91832.5534246575,11848.4054794521,84405.901369863,12329.1260273973,62366.4712328767,41249.3835616438,13705.8,30119.802739726,57109.6191780822,12564.9123287671,22930.0082191781,17418.0082191781,15621.5506849315,62490.8136986301,15869.5397260274,79121.5315068493,215891.043835616,30513.5260273973,18051.6410958904,95383.8410958904,36612.9534246575
19960.9780821918,17250.5095890411,48928.3452054795,20466.0246575342,247108.394520548,15760.8054794521,17570.6191780822,46348.9643835616,0,37992.6575342466,69022.0575342466,17414.4465753425,432343.273972603,78662.405479452,32685.3506849315,45187.5698630137,50727.2383561644,89018.9260273973,5833.73150684932,94000.8630136986,10496.2,45104.4246575342,28926.5506849315,17164.797260274,27984.202739726,7399.22191780822,40710.7808219178,77682.3452054794,43826.3753424658,135238.652054795,17877.9123287671,94526.6301369863,17700.2767123288,17472.0630136986,35130.8356164384,67319.6219178082,129131.62739726,56141.298630137,20593.8794520548,3210.42465753425,665672.956164384,56184.6136986301,44103.5643835616,36445.3068493151,144139.682191781,81037.397260274,7506.16438356164,33395.8191780822,44505.4164383562,70535.7342465753,14520.2054794521,148441.230136986,17922.4684931507,133649.02739726,18011.6383561644,93837.8383561644,62892.202739726,20131.7643835616,45010.7178082192,91291.8493150685,19292.4876712329,34006.9315068493,27132.6054794521,23429.4630136986,96264.4273972603,22788.2465753425,122582.112328767,339587.18630137,47149.4712328767,26925.2876712329,149003.054794521,58411.9780821918
10936.895890411,9440.15068493151,26781.7068493151,11176.2630136986,135478.082191781,8617.31506849315,9611.21095890411,25417.0109589041,37992.6575342466,0,37545.6712328767,9478.93150684931,235773.501369863,42864.9506849315,17781.1150684931,24600.1287671233,27603.1287671233,48522.6082191781,3171.64109589041,51215.8273972603,5710.6,24583.2246575342,15778.1917808219,9352.20821917808,15223.9726027397,4023.46849315068,22101.4191780822,42324.4931506849,23807.4410958904,73753.6520547945,9743.58904109589,51551.3150684932,9635.22465753425,9519.80547945205,19105.5424657534,36697.7178082192,70338.1643835616,30518.7287671233,11196.5726027397,1752.6904109589,363436.180821918,30558.2794520548,23994.6410958904,19842.3753424658,78628.1671232877,44153.2575342466,4086.60547945205,18213.9260273973,24231.4164383562,38409.8301369863,7903.15616438356,80989.1808219178,9757.95616438356,72872.1123287671,9795.13698630137,51081.4356164384,34250.7342465753,10950.1150684932,24496.4520547945,49791.5753424658,10508.9643835616,18503.1178082192,14786.4383561644,12752.6876712329,52442.4821917808,12385.4684931507,66791.9342465753,185121.460273973,25688.4,14652.7945205479,81209.3726027397,31856.5890410959
20035.698630137,17124.8383561644,48673.5123287671,19932.295890411,249405.756164384,15521.6931506849,17375.397260274,46878.2794520548,69022.0575342466,37545.6712328767,0,16455.4410958904,415770.876712329,75112.8383561644,30722.2,42762.6547945205,47795.9397260274,85233.2794520548,5451.28767123288,89638.298630137,9875.18630136986,43147.3561643836,27873.7287671233,16369.298630137,26308.701369863,6925.86301369863,37520.5315068493,74072.4876712329,40630.5616438356,130100.265753425,17095.7589041096,90940.6520547945,16737.1479452055,16665.3287671233,32923.7808219178,64505.9260273973,122837.019178082,52399.6246575342,19247.8821917808,3118.76712328767,647002.421917808,52701.5561643836,41485.997260274,34514.6712328767,138994.098630137,77284.5698630137,7107.34246575342,32146.6246575342,42160.4438356164,66916.501369863,13714.0164383562,143379.293150685,16976.3150684931,128332.142465753,16875.0493150685,88738.2219178082,59716.5205479452,18894.2219178082,42474.4328767123,87900.3123287671,18357.3205479452,32014.2465753425,25928.8328767123,22134.2301369863,91688.3589041096,21231.0054794521,116954.742465753,325450.04109589,44949.5150684932,25393.0931506849,142511.216438356,56210.2164383562
5001.80273972603,4328.73424657534,12274.495890411,5147.98082191781,61876.0273972603,3958.91232876712,4411.21643835616,11602.6328767123,17414.4465753425,9478.93150684931,16455.4410958904,0,108920.997260274,19834.7397260274,8257.31506849315,11406.4602739726,12811.5342465753,22438.701369863,1474.80821917808,23706.2191780822,2651.35890410959,11370.5726027397,7285.71780821918,4328.77808219178,7069.49315068493,1870.2,10308.7397260274,19590.9753424658,11089.997260274,34069.4465753425,4507.12602739726,23813.0602739726,4468.41369863014,4406.1698630137,8878.23835616438,16967.4493150685,32575.5945205479,14194.8904109589,5206.14794520548,807.797260273973,167484.04109589,14197.4301369863,11140.895890411,9198.88767123288,36301.1589041096,20436.6821917808,1894.61643835616,8412.47397260274,11232.8767123288,17799.6246575342,3666.12876712329,37376.8657534247,4523.57260273973,33676.6684931507,4552.04931506849,23689.0438356164,15869.1369863014,5086.80821917808,11365.7068493151,22995.8465753425,4866.68219178082,8589.58356164384,6840.8301369863,5915.39726027397,24280.5589041096,5763.06575342466,30912.1863013699,85588.8136986301,11891.0767123288,6799.41369863014,37563.6904109589,14714.6356164384
120286.156164384,108059.273972603,304299.77260274,136504.224657534,1459468.32054795,101410.583561644,111515.473972603,271621.452054795,432343.273972603,235773.501369863,415770.876712329,108920.997260274,0,557000.931506849,241981.246575342,328298.183561644,373058.857534247,625342.830136986,43881.1561643836,668220.005479452,77503.9890410959,317691.55890411,199376.61369863,121994.578082192,207062.687671233,55403.8410958904,317479.216438356,552317.293150685,336625.947945205,936800.619178082,126061.361643836,654667.701369863,128883.090410959,124113.473972603,262180.378082192,471847.747945205,924463.545205479,423614.331506849,154818.482191781,21584.0712328767,4468194.48219178,418296.353424658,325836.715068493,264240.928767123,991313.323287671,575892.276712329,54448.0520547945,230908.698630137,322406.712328767,508876.15890411,106075.2,1015776.73150685,129873.665753425,930945.863013699,134528.832876712,683134.254794521,452623.808219178,149655.252054795,329622.136986301,630716.120547945,138003.008219178,250689.42739726,191679.542465753,171039.194520548,686652.038356164,172779.123287671,870063.778082192,2378975.00273973,335423.334246575,197502.77260274,1050073.19726027,404240.956164384
22172.7534246575,19617.1232876712,55397.7698630137,24194.0301369863,271205.868493151,18220.4273972603,20141.9753424658,50633.3726027397,78662.405479452,42864.9506849315,75112.8383561644,19834.7397260274,557000.931506849,0,41296.7232876712,56401.0191780822,63815.6684931507,108737.273972603,7447.40273972603,115696.150684932,13239.0465753425,55188.5643835616,34909.7589041096,21123.7397260274,35344.3287671233,9417.89315068493,53219.1671232877,95622.4273972603,56721.2136986301,163728.838356164,21890.3260273973,114426.876712329,22124.4136986301,21494.6794520548,44618.6383561644,82113.797260274,159656.720547945,71816.9808219178,26280.5917808219,3814.19726027397,790064.890410959,71246.7205479452,55648.101369863,45429.1808219178,173713.076712329,99721.3479452055,9359.31506849315,40384.1068493151,55445.898630137,87642.3506849315,18188.0109589041,178329.654794521,22332.6136986301,162375.884931507,22888.0767123288,117277.032876712,78022.2136986301,25503.6410958904,56469.4410958904,110339.479452055,23840.4164383562,42847.2328767123,33262.1178082192,29334.3095890411,118741.632876712,29243.1780821918,150726.44109589,414080.339726027,58059.6493150685,33815.7452054794,182379.871232877,70675.2904109589
9475.69863013699,8111.3095890411,23047.9452054795,9466.17260273973,117865.624657534,7360.07397260274,8234.37260273973,22147.698630137,32685.3506849315,17781.1150684931,30722.2,8257.31506849315,241981.246575342,41296.7232876712,0,20391.5561643836,22806.0082191781,40576.0164383562,2604.21917808219,42697.7506849315,4712.97534246575,20543.2931506849,13257.5315068493,7797.17808219178,12557.3095890411,3307.84931506849,17960.6356164384,35283.5424657534,19432.6082191781,61893.8767123288,8140.0602739726,43263.7150684931,7982.09315068493,7937.98082191781,15721.8657534247,30705.2630136986,58531.9068493151,25036.8657534247,9194.91780821918,1481.67945205479,307359.095890411,25162.9890410959,19799.9397260274,16456.7479452055,66102.7479452055,36812.704109589,3388.89589041096,15292.1068493151,20101.4219178082,31898.0684931507,6541.43561643836,68172.3287671233,8094.16164383562,61068.7890410959,8058.57534246575,42319.5780821918,28462.4383561644,9020.54794520548,20262.3863013699,41812.4876712329,8746.91506849315,15277.6109589041,12347.0136986301,10557.4,43681.6273972603,10146.9753424658,55705.3123287671,154912.64109589,21411.7726027397,12114.7780821918,67854.1616438356,26740.2547945205
12944.6602739726,11237.5232876712,31846.4383561644,13434.501369863,159884.438356164,10300.1397260274,11463.9287671233,29962.602739726,45187.5698630137,24600.1287671233,42762.6547945205,11406.4602739726,328298.183561644,56401.0191780822,20391.5561643836,0,33726.6054794521,58824.0328767123,3890.68493150685,62213.2,6982.37808219178,29815.5287671233,19067.6136986301,11359.9945205479,18621.1616438356,4931.63835616438,27289.8410958904,51414.2438356164,29314.8821917808,89203.2246575342,11819.6054794521,62348.1534246575,11752.3643835616,11562.5479452055,23404.2246575342,44471.9808219178,85544.2410958904,37458.5178082192,13733.5643835616,2109.52602739726,437315.926027397,37417.8739726027,29341.1315068493,24184.4547945205,94986.304109589,53631.3534246575,4981.27397260274,22022.602739726,29529.6383561644,46775.0520547945,9645.18904109589,97757.8904109589,11892.1643835616,88218.2438356164,12000.7232876712,62303.3342465753,41692.6657534247,13404.5753424658,29908.7068493151,60195.4739726027,12779.0602739726,22617.2438356164,17942.602739726,15561.7561643836,63740.1534246575,15214.9726027397,81112.9232876712,224319.550684932,31208.3671232877,17895.295890411,98503.0657534247,38523.7780821918
14644.0493150685,12598.0821917808,35763.1616438356,14830.1671232877,181701.704109589,11472.5917808219,12811.5506849315,34110.6712328767,50727.2383561644,27603.1287671233,47795.9397260274,12811.5342465753,373058.857534247,63815.6684931507,22806.0082191781,33726.6054794521,0,64062.8767123288,4157.67945205479,67537.8547945206,7500.87123287671,32447.8410958904,20870.695890411,12332.9232876712,19992.295890411,5276.9397260274,28856.9068493151,55811.9068493151,31137.4082191781,97510.2575342466,12859.3123287671,68157.6082191781,12674.5205479452,12554.602739726,25066.6273972603,48461.7260273973,92687.5205479452,39993.202739726,14678.4136986301,2323.95342465753,481966.493150685,40103.0684931507,31515.1479452055,26112.9945205479,104028.115068493,58226.298630137,5377.79178082192,24085.1178082192,31891.8657534247,50574.1616438356,10392.5232876712,107204.282191781,12842.4,96291.9260273973,12850.1835616438,67195.7561643836,45109.2630136986,14372.6794520548,32204.202739726,65846.8684931507,13849.2630136986,24308.1287671233,19511.0191780822,16770.8273972603,69131.4164383562,16221.9753424658,88091.5726027397,244477.380821918,33872.4575342466,19259.9342465753,107183.810958904,42121.7315068493
24967.6,22218.7616438356,62677.4054794521,27657.2794520548,304460.942465753,20719.1150684931,22857.7205479452,56774.504109589,89018.9260273973,48522.6082191781,85233.2794520548,22438.701369863,625342.830136986,108737.273972603,40576.0164383562,58824.0328767123,64062.8767123288,0,8660.11780821918,133474.454794521,15355.298630137,63585.7287671233,40096.9643835616,24369.0136986301,41005.9068493151,10944.5671232877,62192.6712328767,110318.964383562,66147.8219178082,188191.98630137,25224.9863013699,131520.235616438,25610.7780821918,24795.098630137,51827.5945205479,94541.7424657534,184374.657534247,83547.5561643836,30557.6465753425,4365.2301369863,903993.153424658,82730.2657534247,64548.2712328767,52556.3150684932,199462.180821918,115039.947945205,10828.3698630137,46405.7643835616,64136.8657534247,101321.22739726,21063.7726027397,204614.898630137,25834.2821917808,186785.430136986,26589.0465753425,135753.690410959,90168.501369863,29608.0904109589,65420.3561643836,126777.649315068,27528.1726027397,49684.7753424658,38339.3835616438,33969.0712328767,137054.252054795,34042.3945205479,173849.931506849,476716.783561644,66988.5095890411,39184.8410958904,210146.101369863,81224.1260273973
1708.47945205479,1445.10136986301,4115.56164383562,1651.01095890411,21376.6520547945,1299.79726027397,1460.82739726027,4025.75342465753,5833.73150684932,3171.64109589041,5451.28767123288,1474.80821917808,43881.1561643836,7447.40273972603,2604.21917808219,3890.68493150685,4157.67945205479,8660.11780821918,0,7267.82191780822,789.441095890411,3509.79178082192,2284.2904109589,1327.30684931507,2101.48493150685,550.641095890411,2932.99726027397,6005.36712328767,3196.82191780822,10643.9397260274,1390.10684931507,7440.62191780822,1345.15068493151,1351.56164383562,2621.0602739726,5256.16438356164,9934.24657534247,4153.20547945205,1527.86301369863,257.679452054795,53484.1479452055,4199.55342465753,3315.77808219178,2778.35890410959,11399.101369863,6266.86849315069,572.027397260274,2631.65753424658,3394.89589041096,5396.54794520548,1100.82465753425,11778.4191780822,1366.83287671233,10479.4109589041,1342.99452054795,7132.3698630137,4820.22739726027,1506.4904109589,3406.27123287671,7197.8301369863,1485.06301369863,2560.92328767123,2106.94520547945,1777.18904109589,7424.9397260274,1679.47397260274,9487.79726027397,26523.4767123288,3643.49315068493,2035.14794520548,11590.2493150685,4600.20821917808
26561.2438356164,23432.4136986301,66207.1068493151,28766.3917808219,325369.75890411,21721.0684931507,24036.0876712329,60780.895890411,94000.8630136986,51215.8273972603,89638.298630137,23706.2191780822,668220.005479452,115696.150684932,42697.7506849315,62213.2,67537.8547945206,133474.454794521,7267.82191780822,0,15625.4712328767,65358.6246575342,41407.9232876712,25000.0821917808,41709.197260274,11104.4273972603,62568.4657534247,113166.646575342,66757.5452054795,194135.128767123,25922.1698630137,135679.049315068,26138.7205479452,25440.0493150685,52621.3452054795,97280.095890411,188855.610958904,84631.4273972603,30978.0493150685,4532.39178082192,938940.835616438,84039.8520547945,65676.4931506849,53688.4821917808,206081.128767123,118021.747945205,11060.5205479452,47890.2821917808,65530.2876712329,103613.284931507,21483.0219178082,211635.35890411,26393.8438356164,192453.284931507,26991.6821917808,138558.087671233,92256.3452054794,30086.3506849315,66687.9753424658,130855.821917808,28202.1534246575,50576.7616438356,39383.0876712329,34650.3917808219,140494.791780822,34449.2684931507,178402.846575342,490578.523287671,68709.2219178082,39930.2356164384,215979.978082192,83806.2082191781
3037.85753424658,2605.54246575342,7400.78630136986,3051.1698630137,37750.2794520548,2367.59178082192,2646.89315068493,7090.8904109589,10496.2,5710.6,9875.18630136986,2651.35890410959,77503.9890410959,13239.0465753425,4712.97534246575,6982.37808219178,7500.87123287671,15355.298630137,789.441095890411,15625.4712328767,0,6643.06575342466,4281.42465753425,2522.78356164384,4073.53698630137,1073.9095890411,5847.69863013699,11416.2904109589,6320.06849315068,19994.1753424658,2632.42191780822,13975.7424657534,2586.61369863014,2568.25479452055,5103.04109589041,9926.13424657534,18946.7342465753,8132.63561643836,2985.99452054795,477.797260273973,99105.0246575342,8166.1397260274,6422.35890410959,5331.36164383562,21344.602739726,11910.704109589,1097.90684931507,4939.41095890411,6511.74246575342,10330.4602739726,2120.21917808219,22006.2876712329,2622.11232876712,19734.2849315068,2615.81643835616,13713.5671232877,9216.35890410959,2927.13698630137,6568.52876712329,13504.9479452055,2831.22465753425,4954.75616438356,3993.38356164384,3421.72328767123,14136.4410958904,3297.10410958904,18021.9945205479,50077.2575342466,6928.21369863014,3927.71506849315,21942.6794520548,8637.67397260274
12671.6191780822,11254.701369863,31759.9534246575,13966.6849315068,154678.17260274,10481.2246575342,11570.8684931507,28855.1479452055,45104.4246575342,24583.2246575342,43147.3561643836,11370.5726027397,317691.55890411,55188.5643835616,20543.2931506849,29815.5287671233,32447.8410958904,63585.7287671233,3509.79178082192,65358.6246575342,6643.06575342466,0,20216.9342465753,12269.2082191781,20607.2273972603,5497.14246575342,31180.7808219178,55541.9506849315,33186.1315068493,94864.2301369863,12704.8602739726,66297.5808219178,12879.9753424658,12484.0356164384,26035.4383561644,47630.4246575342,92796.8547945206,41948.9917808219,15345.4657534247,2203.56164383562,456369.531506849,41563.8410958904,32440.5287671233,26436.4191780822,100579.460273973,57920.1205479452,5446.67397260274,23394.3452054795,32262.8273972603,50977.3945205479,10591.6356164384,103202.323287671,12995.2602739726,94130.5780821918,13356.4410958904,68272.8383561644,45371.2904109589,14876.1835616438,32892.0657534247,63914.301369863,13855.6191780822,24972.9835616438,19308.3780821918,17081.4465753425,68991.9095890411,17088.8794520548,87534.6630136986,240177.161643836,33725.597260274,19699.8876712329,105845.284931507,40945.4465753425
8017.81369863014,7234.43561643836,20356.2465753425,9200.28493150685,97054.4602739726,6809.18630136986,7476.57260273973,18046.1068493151,28926.5506849315,15778.1917808219,27873.7287671233,7285.71780821918,199376.61369863,34909.7589041096,13257.5315068493,19067.6136986301,20870.695890411,40096.9643835616,2284.2904109589,41407.9232876712,4281.42465753425,20216.9342465753,0,8274.58082191781,14097.8849315068,3776.28219178082,21717.4931506849,37463.6383561644,22996.6082191781,63381.6712328767,8543.88219178082,44292.4328767123,8761.93698630137,8417.87671232877,17864.6054794521,31961.0767123288,62747.6931506849,28893.301369863,10556.1260273973,1455.94246575342,301349.865753425,28495.8712328767,22181.504109589,17956.8328767123,67022.0109589041,39060.904109589,3700.25479452055,15619.8821917808,21907.8164383562,34565.1287671233,7213.58630136986,68641.4219178082,8825.28219178082,63020.0931506849,9167.28219178082,46441.0438356164,30737.0931506849,10193.6520547945,22420.8794520548,42661.5863013699,9366.17808219178,17062.3369863014,12993.5726027397,11630.6602739726,46590.0219178082,11789.7863013699,59006.6438356164,161134.205479452,22753,13436.1780821918,71165.4904109589,27347.4246575342
4849.55068493151,4278.9095890411,12089.5205479452,5254.15890410959,59401.5123287671,3966.80547945205,4389.35890410959,11096.2109589041,17164.797260274,9352.20821917808,16369.298630137,4328.77808219178,121994.578082192,21123.7397260274,7797.17808219178,11359.9945205479,12332.9232876712,24369.0136986301,1327.30684931507,25000.0821917808,2522.78356164384,12269.2082191781,8274.58082191781,0,7621.07671232877,2029.08219178082,11434.6602739726,20674.6931506849,12199.5589041096,35463.6082191781,4735.64109589041,24785.1342465753,4775.76712328767,4647.6904109589,9615.23835616438,17771.4054794521,34503.3753424658,15464.901369863,5660.61917808219,827.860273972603,171500.852054795,15356.0465753425,12000.295890411,9809.18630136986,37644.8383561644,21561.6465753425,2020.82191780822,8748.29315068493,11972.7178082192,18930.3863013699,3925.18082191781,38658.7123287671,4822.29589041096,35157.098630137,4932.07123287671,25315.7232876712,16855.295890411,5497.45205479452,12184.7178082192,23903.8356164384,5152.43561643836,9241.22465753425,7194.82191780822,6330.98356164384,25667.6465753425,6295.10684931507,32592.6493150685,89620.101369863,12552.6821917808,7295.79178082192,39456.6246575342,15309.2356164384
8109.95890410959,6945.08767123288,19732.6273972603,8111.01095890411,100856.835616438,6303.75616438356,7051.47945205479,18950.1589041096,27984.202739726,15223.9726027397,26308.701369863,7069.49315068493,207062.687671233,35344.3287671233,12557.3095890411,18621.1616438356,19992.295890411,41005.9068493151,2101.48493150685,41709.197260274,4073.53698630137,20607.2273972603,14097.8849315068,7621.07671232877,0,2838.64109589041,15422.3753424658,30256.9315068493,16682.4493150685,53058.197260274,6979.63287671233,37087.504109589,6847.15068493151,6807.02465753425,13491.1369863014,26325.9287671233,50197.8904109589,21487.8904109589,7891.1095890411,1269.6904109589,263378.35890411,21591.9369863014,16988.1287671233,14116.002739726,56661.0547945205,31568.0383561644,2906.8904109589,13108.7671232877,17242.0739726027,27359.1452054795,5611.59178082192,58431.3260273973,6942.82739726027,52354.6356164384,6915.24657534247,36302.2438356164,24411.5753424658,7740.21369863014,17382.7479452055,35842.3315068493,7501.41095890411,13107.6136986301,10587.1205479452,9056.61095890411,37460.2191780822,8709.2602739726,47768.2602739726,132817.364383562,18361.5205479452,10393.298630137,58180.6164383562,22922.6684931507
2160.64931506849,1833.85205479452,5219.27397260274,2108.14246575342,26988.9205479452,1653.65753424658,1856.07671232877,5079.46575342466,7399.22191780822,4023.46849315068,6925.86301369863,1870.2,55403.8410958904,9417.89315068493,3307.84931506849,4931.63835616438,5276.9397260274,10944.5671232877,550.641095890411,11104.4273972603,1073.9095890411,5497.14246575342,3776.28219178082,2029.08219178082,2838.64109589041,0,3819.70410958904,7723.65753424658,4153.92328767123,13647.5150684932,1786.06849315068,9540.06575342466,1735.18082191781,1738.0904109589,3392.0301369863,6748.57808219178,12787.4438356164,5382.98630136986,1979.25753424658,329.301369863014,68338.7150684932,5433.05753424658,4285.28767123288,3581.99178082192,14603.8767123288,8059.5095890411,737.528767123288,3373.5698630137,4376.38904109589,6953.13424657534,1420.60821917808,15081.3589041096,1762.06575342466,13445.1452054795,1738.21643835616,9200.15890410959,6208.68219178082,1948.58630136986,4397.15890410959,9226.19178082192,1911.39178082192,3308.75890410959,2707.7095890411,2293.24109589041,9553.16438356164,2178.24657534247,12199.9780821918,34052.4082191781,4686.32054794521,2627.73424657534,14890.7068493151,5897.69315068493
12203.0465753425,10042.0602739726,28751.8821917808,10895.0273972603,154703.890410959,8845.6,10050.3424657534,29277.7643835616,40710.7808219178,22101.4191780822,37520.5315068493,10308.7397260274,317479.216438356,53219.1671232877,17960.6356164384,27289.8410958904,28856.9068493151,62192.6712328767,2932.99726027397,62568.4657534247,5847.69863013699,31180.7808219178,21717.4931506849,11434.6602739726,15422.3753424658,3819.70410958904,0,37157.9589041096,17892.7863013699,67724.9342465753,8680.38904109589,47351.8602739726,8094.14794520548,8371.18356164383,15282.2383561644,33034.5424657534,60989.1917808219,23853.3589041096,8820.22739726027,1688.05205479452,350897.120547945,24564.4931506849,19591.2712328767,16805.0356164384,73059.2191780822,38797.0602739726,3457.94794520548,16776.1150684931,20555.0465753425,32834.9506849315,6597.28767123288,75867.8767123288,8272.7397260274,66296.0630136986,7821.91232876712,42927.9945205479,29412.8630136986,8829.59726027397,20352.1698630137,45921.4410958904,9125.81095890411,15174.1616438356,13129.5616438356,10660.1068493151,45774.2794520548,9580.39452054794,58817.6219178082,166788.506849315,22529.4054794521,12134.8849315068,72417.9780821918,29298.2219178082
21952.7150684932,19364.1753424658,54713.8575342466,23766.9863013699,268934.816438356,17948.298630137,19862.1506849315,50239.8794520548,77682.3452054794,42324.4931506849,74072.4876712329,19590.9753424658,552317.293150685,95622.4273972603,35283.5424657534,51414.2438356164,55811.9068493151,110318.964383562,6005.36712328767,113166.646575342,11416.2904109589,55541.9506849315,37463.6383561644,20674.6931506849,30256.9315068493,7723.65753424658,37157.9589041096,0,55129.197260274,160375.073972603,21413.0191780822,112084.561643836,21589.5534246575,21014.2356164384,43459.5506849315,80359.895890411,155996.224657534,69893.8356164384,25583.898630137,3744.59178082192,775742.405479452,69408.402739726,54243.5342465753,44345.2109589041,170247.821917808,97489.3287671233,9135.67123287671,39562.4219178082,54126.3698630137,85583.1616438356,17743.9315068493,174839.276712329,21800.6301369863,158982.698630137,22292.1534246575,114443.597260274,76203.1150684931,24848.4054794521,55080.5753424658,108100.994520548,23295.2684931507,41772.6739726027,32532.2054794521,28619.6054794521,116051.24109589,28449.8630136986,147366.449315068,405251.520547945,56755.5698630137,32979.9780821918,178410.673972603,69232.5506849315
13008.6301369863,10830.0712328767,30937.9068493151,12015.5561643836,164014.323287671,9625.54520547945,10885.4191780822,30976.5863013699,43826.3753424658,23807.4410958904,40630.5616438356,11089.997260274,336625.947945205,56721.2136986301,19432.6082191781,29314.8821917808,31137.4082191781,66147.8219178082,3196.82191780822,66757.5452054795,6320.06849315068,33186.1315068493,22996.6082191781,12199.5589041096,16682.4493150685,4153.92328767123,17892.7863013699,55129.197260274,0,75907.0904109589,9811.68219178082,53068.1890410959,9305.29863013699,9497.23287671233,17828.6794520548,37230.9835616438,69471.8602739726,28026.3342465753,10338.1616438356,1867.65205479452,387975.630136986,28614.4767123288,22714.1589041096,19273.495890411,81620.1506849315,44025.1479452055,3966.92054794521,18787.1178082192,23563.3232876712,37555.7643835616,7598.60547945206,84569.8109589041,9485.06301369863,74497.3315068493,9129.90410958904,49345.7917808219,33597.3260273973,10275.704109589,23474.0794520548,51407.5369863014,10390.602739726,17569.7506849315,14854.5589041096,12273.104109589,52041.7205479452,11292.8054794521,66702.1123287671,187929.884931507,25579.1808219178,14009.6438356164,81833.704109589,32823.7479452055
37601.495890411,33805.0767123288,95183.4082191781,42753.7561643836,456044.819178082,31741.2739726027,34895.0520547945,84860.8684931507,135238.652054795,73753.6520547945,130100.265753425,34069.4465753425,936800.619178082,163728.838356164,61893.8767123288,89203.2246575342,97510.2575342466,188191.98630137,10643.9397260274,194135.128767123,19994.1753424658,94864.2301369863,63381.6712328767,35463.6082191781,53058.197260274,13647.5150684932,67724.9342465753,160375.073972603,75907.0904109589,0,39521.5808219178,205181.832876712,40428.0246575342,38915.7863013699,82273.7424657534,147914.109589041,289903.698630137,132956.093150685,48588.6465753425,6761.2,1399619.31780822,131258.75890411,102232.75890411,82881.1780821918,310653.260273973,180572.334246575,17078.1780821918,72367.8712328767,101123.898630137,159599.704109589,33275.4493150685,318291.4,40735.495890411,291800.216438356,42216.4849315068,214284.712328767,141951.383561644,46959.7287671233,103405.553424658,197666.646575342,43275.9424657534,78652.1260273973,60095.5123287671,53653.8219178082,215314.84109589,54232.8136986301,272804.816438356,745750.906849315,105174.638356164,61960.1397260274,329206.02739726,126692.991780822
5026.07397260274,4460.46575342466,12588.9863013699,5528.20273972603,61377.5397260274,4151.63561643836,4584.53424657534,11451.8438356164,17877.9123287671,9743.58904109589,17095.7589041096,4507.12602739726,126061.361643836,21890.3260273973,8140.0602739726,11819.6054794521,12859.3123287671,25224.9863013699,1390.10684931507,25922.1698630137,2632.42191780822,12704.8602739726,8543.88219178082,4735.64109589041,6979.63287671233,1786.06849315068,8680.38904109589,21413.0191780822,9811.68219178082,39521.5808219178,0,26221.7561643836,5089.24109589041,4935.17260273973,10282.4630136986,18834.1479452055,36678.7397260274,16563.895890411,6059.7095890411,872.060273972603,180614.15890411,16416.0219178082,12814.5780821918,10446.6410958904,39786.3095890411,22896.7150684932,2152.29589041096,9253.14246575342,12749.2191780822,20146.2219178082,4184.79178082192,40827.9205479452,5135.27397260274,37225.9232876712,5274.92602739726,26976.6383561644,17931.5479452055,5875.65753424658,12995.1506849315,25280.3589041096,5476.64109589041,9865.18356164383,7633.78356164384,6749.02739726027,27271.5780821918,6747.06575342466,34604.6301369863,94972.4301369863,13331.9726027397,7782.87671232877,41849.1342465753,16194.8219178082
26279.0109589041,23628.9095890411,66529.2164383562,29889.9178082192,318698.906849315,22188.3342465753,24391.8383561644,59301.8684931507,94526.6301369863,51551.3150684932,90940.6520547945,23813.0602739726,654667.701369863,114426.876712329,43263.7150684931,62348.1534246575,68157.6082191781,131520.235616438,7440.62191780822,135679.049315068,13975.7424657534,66297.5808219178,44292.4328767123,24785.1342465753,37087.504109589,9540.06575342466,47351.8602739726,112084.561643836,53068.1890410959,205181.832876712,26221.7561643836,0,28271.4246575342,27211.9534246575,57538.2739726027,103425.164383562,202720.463013699,92985.9095890411,33981.2438356164,4726.99452054795,978518.465753425,91795.405479452,71494.6082191781,57958.3150684932,217203.912328767,126265.77260274,11942.6876712329,50599.3068493151,70715.1698630137,111605.520547945,23269.8328767123,222540.95890411,28486.0493150685,204030.038356164,29524.2328767123,149849.78630137,99263.6273972603,32841,72312.9698630137,138207.350684932,30261.4191780822,55003.5835616438,42021.2383561644,37520.5397260274,150561.230136986,37929.4739726027,190758.936986301,521446.479452055,73543.9287671233,43329.8054794521,230192.646575342,88583.4465753425
5077.64931506849,4400.72876712329,12475.2630136986,5246.43835616438,62768.495890411,4028.90684931507,4486.83287671233,11766.695890411,17700.2767123288,9635.22465753425,16737.1479452055,4468.41369863014,128883.090410959,22124.4136986301,7982.09315068493,11752.3643835616,12674.5205479452,25610.7780821918,1345.15068493151,26138.7205479452,2586.61369863014,12879.9753424658,8761.93698630137,4775.76712328767,6847.15068493151,1735.18082191781,8094.14794520548,21589.5534246575,9305.29863013699,40428.0246575342,5089.24109589041,28271.4246575342,0,4502.12602739726,9091.00273972603,17327.1753424658,33296.0356164384,14542.1753424658,5332.64109589041,823.512328767123,170730.868493151,14536.1232876712,11402.8082191781,9407.44657534247,37041.5835616438,20882.1095890411,1937.60547945205,8585.95616438356,11487.1232876712,18199.2876712329,3750.47397260274,38131.3479452055,4626.02191780822,34381.7068493151,4661.30684931507,24230.3890410959,16223.7452054795,5207.81095890411,11628.4246575342,23469.295890411,4974.1397260274,8790.66575342466,6988.17534246575,6051.30136986301,24813.6821917808,5905.3397260274,31584.2876712329,87401.504109589,12150.7890410959,6957.08219178082,38368.8465753425,15018.6383561644
4934.74520547945,4355.75068493151,12305.7506849315,5351.82739726027,60432.9753424658,4039.1095890411,4468.76438356164,11288.0136986301,17472.0630136986,9519.80547945205,16665.3287671233,4406.1698630137,124113.473972603,21494.6794520548,7937.98082191781,11562.5479452055,12554.602739726,24795.098630137,1351.56164383562,25440.0493150685,2568.25479452055,12484.0356164384,8417.87671232877,4647.6904109589,6807.02465753425,1738.0904109589,8371.18356164383,21014.2356164384,9497.23287671233,38915.7863013699,4935.17260273973,27211.9534246575,4502.12602739726,0,9804.71232876712,18110.5534246575,35169.095890411,15771.3205479452,5772.57260273973,843.317808219178,174699.712328767,15658.2821917808,12235.5698630137,9999.68219178082,38356.1397260274,21976.0849315068,2060.07671232877,8914.05753424657,12205.1260273973,19297.0821917808,4001.70136986301,39387.2273972603,4915.92054794521,35825.8575342466,5029.29863013699,25808.3753424658,17181.3863013699,5605.5698630137,12422.5479452055,24356.5863013699,5251.80821917808,9422.20273972603,7332.69589041096,6454.35616438356,26161.9561643836,6420.13698630137,33218.7260273973,91329.9506849315,12794.0931506849,7438.31506849315,40211.7506849315,15599.4575342466
10236.8438356164,8710.26301369863,24778.2082191781,10057.8164383562,127712.704109589,7868.8602739726,8823.65479452055,24025.101369863,35130.8356164384,19105.5424657534,32923.7808219178,8878.23835616438,262180.378082192,44618.6383561644,15721.8657534247,23404.2246575342,25066.6273972603,51827.5945205479,2621.0602739726,52621.3452054795,5103.04109589041,26035.4383561644,17864.6054794521,9615.23835616438,13491.1369863014,3392.0301369863,15282.2383561644,43459.5506849315,17828.6794520548,82273.7424657534,10282.4630136986,57538.2739726027,9091.00273972603,9804.71232876712,0,32324.1506849315,61359.698630137,25955.4493150685,9540.0794520548,1572.03835616438,326197.476712329,26163.1616438356,20621.0931506849,17207.1917808219,69840.797260274,38648.3506849315,3543.08219178082,16140.5424657534,21021.7397260274,33386.7424657534,6828.97534246575,72095.2931506849,8464.20821917808,64365.9835616438,8373.02465753425,44211.9917808219,29805.6794520548,9382.16712328767,21142.2219178082,44139.0164383562,9171.01643835616,15918.7068493151,12977.9260273973,11023.1068493151,45825.6794520548,10507.9397260274,58497.295890411,163096.364383562,22474.698630137,12636.4520547945,71355.6794520548,28219.0410958904
18855.0410958904,16806.7205479452,47396.1671232877,20974.6082191781,229724.252054795,15689.8328767123,17299.4931506849,42823.4767123288,67319.6219178082,36697.7178082192,64505.9260273973,16967.4493150685,471847.747945205,82113.797260274,30705.2630136986,44471.9808219178,48461.7260273973,94541.7424657534,5256.16438356164,97280.095890411,9926.13424657534,47630.4246575342,31961.0767123288,17771.4054794521,26325.9287671233,6748.57808219178,33034.5424657534,80359.895890411,37230.9835616438,147914.109589041,18834.1479452055,103425.164383562,17327.1753424658,18110.5534246575,32324.1506849315,0,140217.509589041,63665.6602739726,23282.5863013699,3311.54794520548,685742.019178082,63011.0356164384,49148.4904109589,39988.7835616438,151453.082191781,87463.2082191781,8239.18356164383,35243.6931506849,48798.5506849315,77078.0630136986,16031.5479452055,155334.531506849,19656.2520547945,141898.961643836,20253.8547945205,103307.75890411,68587.3780821918,22549.5424657534,49795.7917808219,96280.5342465753,20934.597260274,37827.9205479452,29142.1534246575,25853.0109589041,104215.42739726,25945.9726027397,132169.282191781,362238.139726027,50932.4931506849,29828.0630136986,159718.928767123,61689.3178082192
36650.1589041096,32165.1205479452,90968.7178082192,39154.698630137,450166.989041096,29708.6301369863,32935.7068493151,84181.4136986301,129131.62739726,70338.1643835616,122837.019178082,32575.5945205479,924463.545205479,159656.720547945,58531.9068493151,85544.2410958904,92687.5205479452,184374.657534247,9934.24657534247,188855.610958904,18946.7342465753,92796.8547945206,62747.6931506849,34503.3753424658,50197.8904109589,12787.4438356164,60989.1917808219,155996.224657534,69471.8602739726,289903.698630137,36678.7397260274,202720.463013699,33296.0356164384,35169.095890411,61359.698630137,140217.509589041,0,113292.736986301,41489.7369863014,6162.53424657534,1276923.12328767,112704.367123288,88169.0136986301,72258.5424657534,279344.934246575,159273.879452055,14885.2410958904,64868.9479452055,88206.3205479452,139545.04109589,28884.2109589041,287068.419178082,35525.6876712329,260424.320547945,36182.3835616438,186380.802739726,124290.679452055,40356.5068493151,89633.3726027397,177267.534246575,38026.0246575342,67918.2164383562,53191.1424657534,46592.3671232877,189506.78630137,46085.9260273973,240799.767123288,663330.679452055,92711.8767123288,53657.1917808219,291800.531506849,113504.471232877
16474.5753424658,13902.0164383562,39610.0602739726,15815.0520547945,206368.410958904,12482.2767123288,14041.4438356164,38881.101369863,56141.298630137,30518.7287671233,52399.6246575342,14194.8904109589,423614.331506849,71816.9808219178,25036.8657534247,37458.5178082192,39993.202739726,83547.5561643836,4153.20547945205,84631.4273972603,8132.63561643836,41948.9917808219,28893.301369863,15464.901369863,21487.8904109589,5382.98630136986,23853.3589041096,69893.8356164384,28026.3342465753,132956.093150685,16563.895890411,92985.9095890411,14542.1753424658,15771.3205479452,25955.4493150685,63665.6602739726,113292.736986301,0,14487.2602739726,2466.8602739726,512085.169863014,39857.9397260274,31493.0547945205,26434.3808219178,108938.112328767,59730.0904109589,5442.23835616438,25139.4,32302.797260274,51367.5917808219,10466.4876712329,112607.471232877,13005.2109589041,100046.926027397,12742.3808219178,67835.1753424658,45891.7616438356,14300.1753424658,32379.1205479452,68762.9479452055,14146.2739726027,24328.5671232877,20091.5808219178,16898.3835616438,70745.2109589041,15911.3260273973,90438.4739726027,253101.326027397,34723.3232876712,19342.6520547945,110545.764383562,43941.1780821918
6028.97260273973,5101.7397260274,14528.2575342466,5833.2,75419.2931506849,4590.2301369863,5158.04383561644,14202.2054794521,20593.8794520548,11196.5726027397,19247.8821917808,5206.14794520548,154818.482191781,26280.5917808219,9194.91780821918,13733.5643835616,14678.4136986301,30557.6465753425,1527.86301369863,30978.0493150685,2985.99452054795,15345.4657534247,10556.1260273973,5660.61917808219,7891.1095890411,1979.25753424658,8820.22739726027,25583.898630137,10338.1616438356,48588.6465753425,6059.7095890411,33981.2438356164,5332.64109589041,5772.57260273973,9540.0794520548,23282.5863013699,41489.7369863014,14487.2602739726,0,910.504109589041,188981.249315069,14862.098630137,11732.901369863,9828.20547945206,40291.1726027397,22161.5342465753,2023.50410958904,9302.55342465753,12008.9890410959,19088.3095890411,3894.54794520548,41628.9534246575,4835.01369863014,37047.2520547945,4753.07671232877,25231.8054794521,17049.1315068493,5331.29315068493,12051.3452054795,25443.0465753425,5252.15342465753,9061.52054794521,7450.12602739726,6287.35616438356,26258.3260273973,5945.52328767123,33551.0712328767,93774.7726027397,12884.701369863,7200.52328767123,40981.4109589041,16261.3150684932
876.309589041096,804.975342465753,2257.73150684931,1051.37260273973,10504.5671232877,766.594520547945,836.750684931507,1945.64109589041,3210.42465753425,1752.6904109589,3118.76712328767,807.797260273973,21584.0712328767,3814.19726027397,1481.67945205479,2109.52602739726,2323.95342465753,4365.2301369863,257.679452054795,4532.39178082192,477.797260273973,2203.56164383562,1455.94246575342,827.860273972603,1269.6904109589,329.301369863014,1688.05205479452,3744.59178082192,1867.65205479452,6761.2,872.060273972603,4726.99452054795,823.512328767123,843.317808219178,1572.03835616438,3311.54794520548,6162.53424657534,2466.8602739726,910.504109589041,0,34525.0684931507,3391.77534246575,2633.26575342466,2117.8,7752.04931506849,4573.72328767123,436.476712328767,1810.36164383562,2582.99726027397,4069.37260273973,853.024657534247,7923.97534246575,1040.63835616438,7324.5698630137,1092.34246575342,5485.05753424658,3615.53424657534,1212.69589041096,2653.57808219178,4943.01917808219,1099.31506849315,2024.01095890411,1518.14520547945,1375.01095890411,5462.71232876712,1411.89589041096,6906.12328767123,18768.1150684931,2665.2301369863,1591.12328767123,8307.36164383562,3170.67945205479
181521.032876712,166936.6,468114.189041096,218400.953424658,2174555.5890411,159095.684931507,173590.328767123,402665.446575342,665672.956164384,363436.180821918,647002.421917808,167484.04109589,4468194.48219178,790064.890410959,307359.095890411,437315.926027397,481966.493150685,903993.153424658,53484.1479452055,938940.835616438,99105.0246575342,456369.531506849,301349.865753425,171500.852054795,263378.35890411,68338.7150684932,350897.120547945,775742.405479452,387975.630136986,1399619.31780822,180614.15890411,978518.465753425,170730.868493151,174699.712328767,326197.476712329,685742.019178082,1276923.12328767,512085.169863014,188981.249315069,34525.0684931507,0,706311.950684931,548272.298630137,440774.515068493,1611522.87671233,951510.567123288,90843.7890410959,376390.775342466,537586.115068493,846863.58630137,177566.843835616,1647067.13424658,216584.350684932,1523107.33150685,227486.819178082,1141695.35342466,752377.438356164,252526.97260274,552401.753424658,1027680.6630137,228733.060273973,421399.904109589,315791.142465753,286220.523287671,1136547.14520548,294123.032876712,1436700.43561644,3903242.09589041,554482.816438356,331238.545205479,1727929.72328767,659227.495890411
16346.6356164384,13934.104109589,39624.8849315069,16141.5342465753,203755.567123288,12604.797260274,14124.5315068493,38317.2328767123,56184.6136986301,30558.2794520548,52701.5561643836,14197.4301369863,418296.353424658,71246.7205479452,25162.9890410959,37417.8739726027,40103.0684931507,82730.2657534247,4199.55342465753,84039.8520547945,8166.1397260274,41563.8410958904,28495.8712328767,15356.0465753425,21591.9369863014,5433.05753424658,24564.4931506849,69408.402739726,28614.4767123288,131258.75890411,16416.0219178082,91795.405479452,14536.1232876712,15658.2821917808,26163.1616438356,63011.0356164384,112704.367123288,39857.9397260274,14862.098630137,3391.77534246575,706311.950684931,0,33296.9315068493,27750.7561643836,112277.224657534,62252.1780821918,5714.25205479452,25955.7917808219,33900.8219178082,53827.3315068493,11018.6931506849,115868.364383562,13650.1123287671,103552.273972603,13529.7589041096,71321.0273972603,48046.4465753425,15155.6109589041,34118.7780821918,70977.1808219178,14778,25700.2520547945,20896.4712328767,17785.197260274,73829.7424657534,16996.9205479452,94216.5095890411,262478.580821918,36203.0876712329,20394.5589041096,114876.830136986,45381.7232876712
12769.0273972603,10947.4575342466,31097.5643835616,12810.7863013699,158707.726027397,9944.7698630137,11119.6191780822,29813.4246575342,44103.5643835616,23994.6410958904,41485.997260274,11140.895890411,325836.715068493,55648.101369863,19799.9397260274,29341.1315068493,31515.1479452055,64548.2712328767,3315.77808219178,65676.4931506849,6422.35890410959,32440.5287671233,22181.504109589,12000.295890411,16988.1287671233,4285.28767123288,19591.2712328767,54243.5342465753,22714.1589041096,102232.75890411,12814.5780821918,71494.6082191781,11402.8082191781,12235.5698630137,20621.0931506849,49148.4904109589,88169.0136986301,31493.0547945205,11732.901369863,2633.26575342466,548272.298630137,33296.9315068493,0,22361.2739726027,89585.6301369863,49969.9698630137,4604.9095890411,20729.8767123288,27312.4328767123,43331.7589041096,8891.91780821918,92368.4684931507,10997.9589041096,82813.9068493151,10967.0712328767,57515.5397260274,38659.8246575342,12273.1232876712,27546.6219178082,56678.5780821918,11877.0630136986,20777.0520547945,16755.0410958904,14350.3780821918,59304.9616438356,13820.5287671233,75610.3890410959,210131.594520548,29066.1123287671,16471.402739726,92067.8054794521,36250.4712328767
10426.7890410959,9065.49863013699,25683.7205479452,10865.597260274,128685.715068493,8318.26575342466,9252.99452054795,24108.7643835616,36445.3068493151,19842.3753424658,34514.6712328767,9198.88767123288,264240.928767123,45429.1808219178,16456.7479452055,24184.4547945205,26112.9945205479,52556.3150684932,2778.35890410959,53688.4821917808,5331.36164383562,26436.4191780822,17956.8328767123,9809.18630136986,14116.002739726,3581.99178082192,16805.0356164384,44345.2109589041,19273.495890411,82881.1780821918,10446.6410958904,57958.3150684932,9407.44657534247,9999.68219178082,17207.1917808219,39988.7835616438,72258.5424657534,26434.3808219178,9828.20547945206,2117.8,440774.515068493,27750.7561643836,22361.2739726027,0,76922.602739726,43493.5397260274,4043.31506849315,17838.597260274,23967.8876712329,37958.3260273973,7831.48493150685,79150.1890410959,9652.46849315069,71480.5726027397,9753.7397260274,50579.8356164384,33830.2904109589,10892.4246575342,24287.2273972603,48757.4547945205,10366.4273972603,18371.6383561644,14547.2054794521,12635.0876712329,51699.8849315069,12374.5780821918,65776.8219178082,181804.043835616,25310.2904109589,14532.8547945205,79854.2383561644,31205.9643835616
39898.295890411,36057.0739726027,101428.197260274,45965.4904109589,482551.684931507,33973.2821917808,37283.202739726,89694.4904109589,144139.682191781,78628.1671232877,138994.098630137,36301.1589041096,991313.323287671,173713.076712329,66102.7479452055,94986.304109589,104028.115068493,199462.180821918,11399.101369863,206081.128767123,21344.602739726,100579.460273973,67022.0109589041,37644.8383561644,56661.0547945205,14603.8767123288,73059.2191780822,170247.821917808,81620.1506849315,310653.260273973,39786.3095890411,217203.912328767,37041.5835616438,38356.1397260274,69840.797260274,151453.082191781,279344.934246575,108938.112328767,40291.1726027397,7752.04931506849,1611522.87671233,112277.224657534,89585.6301369863,76922.602739726,0,195591.082191781,18541.2,78139.7095890411,109770.736986301,173167.347945205,36154.2794520548,343257.928767123,44220.1726027397,315344.857534247,45979.2301369863,232734.276712329,153976.690410959,51119.2821917808,112381.764383562,213412.010958904,46910.0301369863,85541.2356164384,65050,58291.1424657534,233321.4,59160.8054794521,295453.764383562,806456.167123288,113936.030136986,67350.7369863014,356247.506849315,136812.016438356
22893.8794520548,20201.5616438356,57076.1342465753,24809.0191780822,280412.802739726,18729.0575342466,20723.5561643836,52380.3287671233,81037.397260274,44153.2575342466,77284.5698630137,20436.6821917808,575892.276712329,99721.3479452055,36812.704109589,53631.3534246575,58226.298630137,115039.947945205,6266.86849315069,118021.747945205,11910.704109589,57920.1205479452,39060.904109589,21561.6465753425,31568.0383561644,8059.5095890411,38797.0602739726,97489.3287671233,44025.1479452055,180572.334246575,22896.7150684932,126265.77260274,20882.1095890411,21976.0849315068,38648.3506849315,87463.2082191781,159273.879452055,59730.0904109589,22161.5342465753,4573.72328767123,951510.567123288,62252.1780821918,49969.9698630137,43493.5397260274,195591.082191781,0,9543.48493150685,41310.5315068493,56541.8849315069,89399.1780821918,18537.202739726,182547.515068493,22773.597260274,166018.673972603,23293.4054794521,119556.219178082,79599.1315068493,25963.3698630137,57544.304109589,112876.731506849,24332.0876712329,43643.7452054794,33976.3068493151,29898.901369863,121213.328767123,29731.698630137,153914.580821918,423208.361643836,59278.6931506849,34455.6712328767,186326.183561644,72292.2547945205
2148.11232876712,1867.00273972603,5289.81369863014,2236.41095890411,26516.3835616438,1712.68767123288,1905.39178082192,4968.08219178082,7506.16438356164,4086.60547945205,7107.34246575342,1894.61643835616,54448.0520547945,9359.31506849315,3388.89589041096,4981.27397260274,5377.79178082192,10828.3698630137,572.027397260274,11060.5205479452,1097.90684931507,5446.67397260274,3700.25479452055,2020.82191780822,2906.8904109589,737.528767123288,3457.94794520548,9135.67123287671,3966.92054794521,17078.1780821918,2152.29589041096,11942.6876712329,1937.60547945205,2060.07671232877,3543.08219178082,8239.18356164383,14885.2410958904,5442.23835616438,2023.50410958904,436.476712328767,90843.7890410959,5714.25205479452,4604.9095890411,4043.31506849315,18541.2,9543.48493150685,0,3670.3397260274,4929.16438356164,7806.72328767123,1610.46301369863,16287.0301369863,1985.09315068493,14706.2602739726,2005.29863013699,10401.5808219178,6957.90136986301,2239.51232876712,4994.2904109589,10032.0630136986,2132.20273972603,3777.58356164384,2992.49315068493,2598.29315068493,10634.1095890411,2543.72602739726,13530.2520547945,37401.8547945206,5206.19178082192,2988.40273972603,16427.1369863014,6420.65753424658
9274.72602739726,8349.43287671233,23503.397260274,10581.2602739726,112407.073972603,7846.68219178082,8622.41917808219,20910.8465753425,33395.8191780822,18213.9260273973,32146.6246575342,8412.47397260274,230908.698630137,40384.1068493151,15292.1068493151,22022.602739726,24085.1178082192,46405.7643835616,2631.65753424658,47890.2821917808,4939.41095890411,23394.3452054795,15619.8821917808,8748.29315068493,13108.7671232877,3373.5698630137,16776.1150684931,39562.4219178082,18787.1178082192,72367.8712328767,9253.14246575342,50599.3068493151,8585.95616438356,8914.05753424657,16140.5424657534,35243.6931506849,64868.9479452055,25139.4,9302.55342465753,1810.36164383562,376390.775342466,25955.7917808219,20729.8767123288,17838.597260274,78139.7095890411,41310.5315068493,3670.3397260274,0,25089.895890411,39593.6438356164,8257.98082191781,78837.6821917808,10106.9917808219,72315.0739726027,10483.4438356164,53173.8082191781,35212.9315068493,11659.7671232877,25663.9808219178,48974.4054794521,10733.2739726027,19524.1534246575,14899.3808219178,13315.0191780822,53397.8219178082,13473.0082191781,67645.4301369863,184846.575342466,26081.1452054795,15378.4602739726,81613.5863013699,31391.4
12725.9397260274,11071.4219178082,31363.0739726027,13283.7780821918,157011.419178082,10163.3561643836,11302.8465753425,29411.8739726027,44505.4164383562,24231.4164383562,42160.4438356164,11232.8767123288,322406.712328767,55445.898630137,20101.4219178082,29529.6383561644,31891.8657534247,64136.8657534247,3394.89589041096,65530.2876712329,6511.74246575342,32262.8273972603,21907.8164383562,11972.7178082192,17242.0739726027,4376.38904109589,20555.0465753425,54126.3698630137,23563.3232876712,101123.898630137,12749.2191780822,70715.1698630137,11487.1232876712,12205.1260273973,21021.7397260274,48798.5506849315,88206.3205479452,32302.797260274,12008.9890410959,2582.99726027397,537586.115068493,33900.8219178082,27312.4328767123,23967.8876712329,109770.736986301,56541.8849315069,4929.16438356164,25089.895890411,0,46469.9917808219,9589.75890410959,96808.1232876712,11817.8465753425,87454.602739726,11948.4136986301,61931.7945205479,41414.4739726027,13342.1561643836,29741.3561643836,59644.904109589,12689.0273972603,22500.0164383562,17802.5561643836,15471.6383561644,63280.0493150685,15163.1561643836,80502.9616438356,222454.832876712,30978.0301369863,17796.9945205479,97719.6630136986,38175.3287671233
20116.7671232877,17554.8164383562,49700.8438356164,21170.0931506849,247813.093150685,16149.6821917808,17940.5232876712,46393.3780821918,70535.7342465753,38409.8301369863,66916.501369863,17799.6246575342,508876.15890411,87642.3506849315,31898.0684931507,46775.0520547945,50574.1616438356,101321.22739726,5396.54794520548,103613.284931507,10330.4602739726,50977.3945205479,34565.1287671233,18930.3863013699,27359.1452054795,6953.13424657534,32834.9506849315,85583.1616438356,37555.7643835616,159599.704109589,20146.2219178082,111605.520547945,18199.2876712329,19297.0821917808,33386.7424657534,77078.0630136986,139545.04109589,51367.5917808219,19088.3095890411,4069.37260273973,846863.58630137,53827.3315068493,43331.7589041096,37958.3260273973,173167.347945205,89399.1780821918,7806.72328767123,39593.6438356164,46469.9917808219,0,15401.0136986301,154609.863013699,18966.0164383562,139880.194520548,19226.0191780822,99431.6054794521,66425.2684931507,21459.802739726,47774.2821917808,95333.8931506849,20341.504109589,36163.0602739726,28508.5369863014,24845.701369863,101418.312328767,24431.0191780822,128966.868493151,355979.561643836,49636.9123287671,28591.8164383562,156453.205479452,61026.5315068493
4174.04931506849,3608.7698630137,10234.898630137,4284.50136986301,51662.0356164384,3298.11506849315,3676.27123287671,9689.22739726027,14520.2054794521,7903.15616438356,13714.0164383562,3666.12876712329,106075.2,18188.0109589041,6541.43561643836,9645.18904109589,10392.5232876712,21063.7726027397,1100.82465753425,21483.0219178082,2120.21917808219,10591.6356164384,7213.58630136986,3925.18082191781,5611.59178082192,1420.60821917808,6597.28767123288,17743.9315068493,7598.60547945206,33275.4493150685,4184.79178082192,23269.8328767123,3750.47397260274,4001.70136986301,6828.97534246575,16031.5479452055,28884.2109589041,10466.4876712329,3894.54794520548,853.024657534247,177566.843835616,11018.6931506849,8891.91780821918,7831.48493150685,36154.2794520548,18537.202739726,1610.46301369863,8257.98082191781,9589.75890410959,15401.0136986301,0,31085.1671232877,3755.81095890411,27993.5479452055,3775.97260273973,19665.7068493151,13178.4739726027,4220.17534246575,9433.66575342466,19119.6904109589,4042.24931506849,7128.02191780822,5684.06301369863,4910.31506849315,20169.0547945205,4778.2904109589,25681.4767123288,71133.4410958904,9878.29863013699,5643.31232876712,31214.0109589041,12233.7534246575
40961.397260274,37152.498630137,104440.838356164,47622.3095890411,494437.961643836,35089.5452054795,38461.3808219178,91832.5534246575,148441.230136986,80989.1808219178,143379.293150685,37376.8657534247,1015776.73150685,178329.654794521,68172.3287671233,97757.8904109589,107204.282191781,204614.898630137,11778.4191780822,211635.35890411,22006.2876712329,103202.323287671,68641.4219178082,38658.7123287671,58431.3260273973,15081.3589041096,75867.8767123288,174839.276712329,84569.8109589041,318291.4,40827.9205479452,222540.95890411,38131.3479452055,39387.2273972603,72095.2931506849,155334.531506849,287068.419178082,112607.471232877,41628.9534246575,7923.97534246575,1647067.13424658,115868.364383562,92368.4684931507,79150.1890410959,343257.928767123,182547.515068493,16287.0301369863,78837.6821917808,96808.1232876712,154609.863013699,31085.1671232877,0,46115.704109589,327865.271232877,48056.6712328767,242794.205479452,160494.153424658,53410.7643835616,117290.906849315,221741.208219178,48873.0904109589,89321.2328767123,67707.3178082192,60823.304109589,243032.791780822,61899.9123287671,307634.638356164,838851.934246575,118654.17260274,70301.298630137,370730.216438356,142170.819178082
5125.75890410959,4458.34520547945,12630.1150684932,5347.22191780822,63248.3753424658,4092.02465753425,4551.18630136986,11848.4054794521,17922.4684931507,9757.95616438356,16976.3150684931,4523.57260273973,129873.665753425,22332.6136986301,8094.16164383562,11892.1643835616,12842.4,25834.2821917808,1366.83287671233,26393.8438356164,2622.11232876712,12995.2602739726,8825.28219178082,4822.29589041096,6942.82739726027,1762.06575342466,8272.7397260274,21800.6301369863,9485.06301369863,40735.495890411,5135.27397260274,28486.0493150685,4626.02191780822,4915.92054794521,8464.20821917808,19656.2520547945,35525.6876712329,13005.2109589041,4835.01369863014,1040.63835616438,216584.350684932,13650.1123287671,10997.9589041096,9652.46849315069,44220.1726027397,22773.597260274,1985.09315068493,10106.9917808219,11817.8465753425,18966.0164383562,3755.81095890411,46115.704109589,0,35194.2657534247,4806.22739726027,24916.1150684931,16662.9178082192,5367.02191780822,11964.9452054795,24004.0739726027,5105.5698630137,9051.36712328767,7163.62191780822,6224.36712328767,25461.8849315069,6098.74520547945,32392.8575342466,89519.0383561644,12464.7863013699,7159.65205479452,39322.3205479452,15363.4849315068
37288,33388.2136986301,94078.9780821918,41964.1205479452,453216.687671233,31265.0547945205,34418.8821917808,84405.901369863,133649.02739726,72872.1123287671,128332.142465753,33676.6684931507,930945.863013699,162375.884931507,61068.7890410959,88218.2438356164,96291.9260273973,186785.430136986,10479.4109589041,192453.284931507,19734.2849315068,94130.5780821918,63020.0931506849,35157.098630137,52354.6356164384,13445.1452054795,66296.0630136986,158982.698630137,74497.3315068493,291800.216438356,37225.9232876712,204030.038356164,34381.7068493151,35825.8575342466,64365.9835616438,141898.961643836,260424.320547945,100046.926027397,37047.2520547945,7324.5698630137,1523107.33150685,103552.273972603,82813.9068493151,71480.5726027397,315344.857534247,166018.673972603,14706.2602739726,72315.0739726027,87454.602739726,139880.194520548,27993.5479452055,327865.271232877,35194.2657534247,0,41009.9643835616,208629.38630137,138346.854794521,45636.3753424658,100623.712328767,193368.945205479,42200.1424657534,76491.7150684932,58668.0136986301,52224.9506849315,210016.068493151,52614.8547945206,266210.646575342,728597.273972603,102611.076712329,60284.5452054795,321457.871232877,123918.819178082
5251.15068493151,4465.35616438356,12704.1342465753,5150.61917808219,65531.8082191781,4032.21095890411,4522.51232876712,12329.1260273973,18011.6383561644,9795.13698630137,16875.0493150685,4552.04931506849,134528.832876712,22888.0767123288,8058.57534246575,12000.7232876712,12850.1835616438,26589.0465753425,1342.99452054795,26991.6821917808,2615.81643835616,13356.4410958904,9167.28219178082,4932.07123287671,6915.24657534247,1738.21643835616,7821.91232876712,22292.1534246575,9129.90410958904,42216.4849315068,5274.92602739726,29524.2328767123,4661.30684931507,5029.29863013699,8373.02465753425,20253.8547945205,36182.3835616438,12742.3808219178,4753.07671232877,1092.34246575342,227486.819178082,13529.7589041096,10967.0712328767,9753.7397260274,45979.2301369863,23293.4054794521,2005.29863013699,10483.4438356164,11948.4136986301,19226.0191780822,3775.97260273973,48056.6712328767,4806.22739726027,41009.9643835616,0,22601.5643835616,15240.6876712329,4794.02191780822,10806.6904109589,22588.6082191781,4690.06575342466,8135.54520547945,6638.6301369863,5634.7698630137,23436.6630136986,5366.80821917808,29920.3863013699,83443.2904109589,11494.8876712329,6458.8,36502.5671232877,14440.9123287671
26915.6630136986,23330.9479452055,66137.0931506849,27821.6136986301,332698.701369863,21361.9561643836,23788.6602739726,62366.4712328767,93837.8383561644,51081.4356164384,88738.2219178082,23689.0438356164,683134.254794521,117277.032876712,42319.5780821918,62303.3342465753,67195.7561643836,135753.690410959,7132.3698630137,138558.087671233,13713.5671232877,68272.8383561644,46441.0438356164,25315.7232876712,36302.2438356164,9200.15890410959,42927.9945205479,114443.597260274,49345.7917808219,214284.712328767,26976.6383561644,149849.78630137,24230.3890410959,25808.3753424658,44211.9917808219,103307.75890411,186380.802739726,67835.1753424658,25231.8054794521,5485.05753424658,1141695.35342466,71321.0273972603,57515.5397260274,50579.8356164384,232734.276712329,119556.219178082,10401.5808219178,53173.8082191781,61931.7945205479,99431.6054794521,19665.7068493151,242794.205479452,24916.1150684931,208629.38630137,22601.5643835616,0,86061.8767123288,27629.8109589041,61689.9178082192,124475.093150685,26385.5315068493,46636.7315068493,37067.0602739726,32102.2931506849,131623.602739726,31333.3479452055,167534.498630137,463582.805479452,64452.8383561644,36908.2657534247,203515.915068493,79655.5698630137
17909.2164383562,15656.704109589,44311.9726027397,18937.7342465753,220414.709589041,14421.8109589041,16010.6054794521,41249.3835616438,62892.202739726,34250.7342465753,59716.5205479452,15869.1369863014,452623.808219178,78022.2136986301,28462.4383561644,41692.6657534247,45109.2630136986,90168.501369863,4820.22739726027,92256.3452054794,9216.35890410959,45371.2904109589,30737.0931506849,16855.295890411,24411.5753424658,6208.68219178082,29412.8630136986,76203.1150684931,33597.3260273973,141951.383561644,17931.5479452055,99263.6273972603,16223.7452054795,17181.3863013699,29805.6794520548,68587.3780821918,124290.679452055,45891.7616438356,17049.1315068493,3615.53424657534,752377.438356164,48046.4465753425,38659.8246575342,33830.2904109589,153976.690410959,79599.1315068493,6957.90136986301,35212.9315068493,41414.4739726027,66425.2684931507,13178.4739726027,160494.153424658,16662.9178082192,138346.854794521,15240.6876712329,86061.8767123288,0,19300.1561643836,42934,85427.5479452055,18259.1342465753,32509.9726027397,25574.2602739726,22324.9150684932,91023.2438356164,21994.3534246575,115719.736986301,319207.361643836,44543.3917808219,25697.1369863014,140333.101369863,54689.6876712329
5851.59452054795,4993.64931506849,14197.5424657534,5796.35068493151,72897.3945205479,4521.00821917808,5063.92328767123,13705.8,20131.7643835616,10950.1150684932,18894.2219178082,5086.80821917808,149655.252054795,25503.6410958904,9020.54794520548,13404.5753424658,14372.6794520548,29608.0904109589,1506.4904109589,30086.3506849315,2927.13698630137,14876.1835616438,10193.6520547945,5497.45205479452,7740.21369863014,1948.58630136986,8829.59726027397,24848.4054794521,10275.704109589,46959.7287671233,5875.65753424658,32841,5207.81095890411,5605.5698630137,9382.16712328767,22549.5424657534,40356.5068493151,14300.1753424658,5331.29315068493,1212.69589041096,252526.97260274,15155.6109589041,12273.1232876712,10892.4246575342,51119.2821917808,25963.3698630137,2239.51232876712,11659.7671232877,13342.1561643836,21459.802739726,4220.17534246575,53410.7643835616,5367.02191780822,45636.3753424658,4794.02191780822,27629.8109589041,19300.1561643836,0,12294.0246575342,25518.8356164384,5320.07397260274,9263.03835616438,7519.17260273973,6407.74246575342,26575.7917808219,6133.2904109589,33907.8739726027,94418.1534246575,13030.3698630137,7349.25753424658,41332.3232876712,16317.3452054795
12959.002739726,11183.6684931507,31729.0684931507,13236.6739726027,160539.838356164,10207.6520547945,11385.6712328767,30119.802739726,45010.7178082192,24496.4520547945,42474.4328767123,11365.7068493151,329622.136986301,56469.4410958904,20262.3863013699,29908.7068493151,32204.202739726,65420.3561643836,3406.27123287671,66687.9753424658,6568.52876712329,32892.0657534247,22420.8794520548,12184.7178082192,17382.7479452055,4397.15890410959,20352.1698630137,55080.5753424658,23474.0794520548,103405.553424658,12995.1506849315,72312.9698630137,11628.4246575342,12422.5479452055,21142.2219178082,49795.7917808219,89633.3726027397,32379.1205479452,12051.3452054795,2653.57808219178,552401.753424658,34118.7780821918,27546.6219178082,24287.2273972603,112381.764383562,57544.304109589,4994.2904109589,25663.9808219178,29741.3561643836,47774.2821917808,9433.66575342466,117290.906849315,11964.9452054795,100623.712328767,10806.6904109589,61689.9178082192,42934,12294.0246575342,0,58961.0547945205,12442.1260273973,21903.4520547945,17507.5479452055,15097.0246575342,62090.3506849315,14659.3780821918,79081.6356164384,219198.024657534,30414.7123287671,17346,96155.298630137,37722.904109589
25341.1452054795,22826.1671232877,64248.2136986301,28953.2602739726,307032.419178082,21459.9917808219,23576.9479452055,57109.6191780822,91291.8493150685,49791.5753424658,87900.3123287671,22995.8465753425,630716.120547945,110339.479452055,41812.4876712329,60195.4739726027,65846.8684931507,126777.649315068,7197.8301369863,130855.821917808,13504.9479452055,63914.301369863,42661.5863013699,23903.8356164384,35842.3315068493,9226.19178082192,45921.4410958904,108100.994520548,51407.5369863014,197666.646575342,25280.3589041096,138207.350684932,23469.295890411,24356.5863013699,44139.0164383562,96280.5342465753,177267.534246575,68762.9479452055,25443.0465753425,4943.01917808219,1027680.6630137,70977.1808219178,56678.5780821918,48757.4547945205,213412.010958904,112876.731506849,10032.0630136986,48974.4054794521,59644.904109589,95333.8931506849,19119.6904109589,221741.208219178,24004.0739726027,193368.945205479,22588.6082191781,124475.093150685,85427.5479452055,25518.8356164384,58961.0547945205,0,29396.1287671233,53492.3917808219,40799.7534246575,36476.2164383562,146239.956164384,36925.8876712329,185248.115068493,506120.589041096,71425.7150684932,42131.4493150685,223479.797260274,85937.8602739726
5472.7698630137,4805.95616438356,13590.5671232877,5856.09589041096,67200.0164383562,4440.78904109589,4922.10410958904,12564.9123287671,19292.4876712329,10508.9643835616,18357.3205479452,4866.68219178082,138003.008219178,23840.4164383562,8746.91506849315,12779.0602739726,13849.2630136986,27528.1726027397,1485.06301369863,28202.1534246575,2831.22465753425,13855.6191780822,9366.17808219178,5152.43561643836,7501.41095890411,1911.39178082192,9125.81095890411,23295.2684931507,10390.602739726,43275.9424657534,5476.64109589041,30261.4191780822,4974.1397260274,5251.80821917808,9171.01643835616,20934.597260274,38026.0246575342,14146.2739726027,5252.15342465753,1099.31506849315,228733.060273973,14778,11877.0630136986,10366.4273972603,46910.0301369863,24332.0876712329,2132.20273972603,10733.2739726027,12689.0273972603,20341.504109589,4042.24931506849,48873.0904109589,5105.5698630137,42200.1424657534,4690.06575342466,26385.5315068493,18259.1342465753,5320.07397260274,12442.1260273973,29396.1287671233,0,10174.2904109589,7962.71232876712,6978.54246575342,28373.5369863014,6906.88767123288,36050.4301369863,99287.2821917808,13880.5150684932,8037.31780821918,43680.8301369863,16986.0328767123
9832.02465753425,8443.34794520548,23976.8520547945,9908.82465753425,122102.956164384,7679.18356164384,8581.0904109589,22930.0082191781,34006.9315068493,18503.1178082192,32014.2465753425,8589.58356164384,250689.42739726,42847.2328767123,15277.6109589041,22617.2438356164,24308.1287671233,49684.7753424658,2560.92328767123,50576.7616438356,4954.75616438356,24972.9835616438,17062.3369863014,9241.22465753425,13107.6136986301,3308.75890410959,15174.1616438356,41772.6739726027,17569.7506849315,78652.1260273973,9865.18356164383,55003.5835616438,8790.66575342466,9422.20273972603,15918.7068493151,37827.9205479452,67918.2164383562,24328.5671232877,9061.52054794521,2024.01095890411,421399.904109589,25700.2520547945,20777.0520547945,18371.6383561644,85541.2356164384,43643.7452054794,3777.58356164384,19524.1534246575,22500.0164383562,36163.0602739726,7128.02191780822,89321.2328767123,9051.36712328767,76491.7150684932,8135.54520547945,46636.7315068493,32509.9726027397,9263.03835616438,21903.4520547945,53492.3917808219,10174.2904109589,0,12996.7068493151,11150.8164383562,46025.3561643836,10761.8301369863,58664.4821917808,162926.430136986,22554.4684931507,12802.2739726027,71407.0082191781,28089.5671232877
7636.87123287671,6768.11232876712,19106.8191780822,8369.82739726027,93327.6410958904,6293.54794520548,6953.14520547945,17418.0082191781,27132.6054794521,14786.4383561644,25928.8328767123,6840.8301369863,191679.542465753,33262.1178082192,12347.0136986301,17942.602739726,19511.0191780822,38339.3835616438,2106.94520547945,39383.0876712329,3993.38356164384,19308.3780821918,12993.5726027397,7194.82191780822,10587.1205479452,2707.7095890411,13129.5616438356,32532.2054794521,14854.5589041096,60095.5123287671,7633.78356164384,42021.2383561644,6988.17534246575,7332.69589041096,12977.9260273973,29142.1534246575,53191.1424657534,20091.5808219178,7450.12602739726,1518.14520547945,315791.142465753,20896.4712328767,16755.0410958904,14547.2054794521,65050,33976.3068493151,2992.49315068493,14899.3808219178,17802.5561643836,28508.5369863014,5684.06301369863,67707.3178082192,7163.62191780822,58668.0136986301,6638.6301369863,37067.0602739726,25574.2602739726,7519.17260273973,17507.5479452055,40799.7534246575,7962.71232876712,12996.7068493151,0,10186.8246575342,41195.1452054794,10171.0821917808,52280.8246575342,143548.446575342,20140.4438356164,11745.4164383562,63241.1342465753,24488.2493150685
6732.12328767123,5823.48493150685,16514.4547945205,6920.12054794521,83301.098630137,5324.18356164384,5933.49589041096,15621.5506849315,23429.4630136986,12752.6876712329,22134.2301369863,5915.39726027397,171039.194520548,29334.3095890411,10557.4,15561.7561643836,16770.8273972603,33969.0712328767,1777.18904109589,34650.3917808219,3421.72328767123,17081.4465753425,11630.6602739726,6330.98356164384,9056.61095890411,2293.24109589041,10660.1068493151,28619.6054794521,12273.104109589,53653.8219178082,6749.02739726027,37520.5397260274,6051.30136986301,6454.35616438356,11023.1068493151,25853.0109589041,46592.3671232877,16898.3835616438,6287.35616438356,1375.01095890411,286220.523287671,17785.197260274,14350.3780821918,12635.0876712329,58291.1424657534,29898.901369863,2598.29315068493,13315.0191780822,15471.6383561644,24845.701369863,4910.31506849315,60823.304109589,6224.36712328767,52224.9506849315,5634.7698630137,32102.2931506849,22324.9150684932,6407.74246575342,15097.0246575342,36476.2164383562,6978.54246575342,11150.8164383562,10186.8246575342,0,32609.397260274,7733.19452054795,41518.6849315068,114976.493150685,15970.6,9128.19178082192,50457.4,19770.3123287671
27259.1808219178,23987.8109589041,67807.9205479452,29328.7534246575,334354.430136986,22197.301369863,24584.9150684932,62490.8136986301,96264.4273972603,52442.4821917808,91688.3589041096,24280.5589041096,686652.038356164,118741.632876712,43681.6273972603,63740.1534246575,69131.4164383562,137054.252054795,7424.9397260274,140494.791780822,14136.4410958904,68991.9095890411,46590.0219178082,25667.6465753425,37460.2191780822,9553.16438356164,45774.2794520548,116051.24109589,52041.7205479452,215314.84109589,27271.5780821918,150561.230136986,24813.6821917808,26161.9561643836,45825.6794520548,104215.42739726,189506.78630137,70745.2109589041,26258.3260273973,5462.71232876712,1136547.14520548,73829.7424657534,59304.9616438356,51699.8849315069,233321.4,121213.328767123,10634.1095890411,53397.8219178082,63280.0493150685,101418.312328767,20169.0547945205,243032.791780822,25461.8849315069,210016.068493151,23436.6630136986,131623.602739726,91023.2438356164,26575.7917808219,62090.3506849315,146239.956164384,28373.5369863014,46025.3561643836,41195.1452054794,32609.397260274,0,34833.6739726027,181160.893150685,498583.701369863,69761.1589041096,40461.6904109589,219419.964383562,85240.898630137
6707.86575342466,5639.80821917808,16080.3917808219,6373.24109589041,84174.5178082192,5050.0602739726,5688.91780821918,15869.5397260274,22788.2465753425,12385.4684931507,21231.0054794521,5763.06575342466,172779.123287671,29243.1780821918,10146.9753424658,15214.9726027397,16221.9753424658,34042.3945205479,1679.47397260274,34449.2684931507,3297.10410958904,17088.8794520548,11789.7863013699,6295.10684931507,8709.2602739726,2178.24657534247,9580.39452054794,28449.8630136986,11292.8054794521,54232.8136986301,6747.06575342466,37929.4739726027,5905.3397260274,6420.13698630137,10507.9397260274,25945.9726027397,46085.9260273973,15911.3260273973,5945.52328767123,1411.89589041096,294123.032876712,16996.9205479452,13820.5287671233,12374.5780821918,59160.8054794521,29731.698630137,2543.72602739726,13473.0082191781,15163.1561643836,24431.0191780822,4778.2904109589,61899.9123287671,6098.74520547945,52614.8547945206,5366.80821917808,31333.3479452055,21994.3534246575,6133.2904109589,14659.3780821918,36925.8876712329,6906.88767123288,10761.8301369863,10171.0821917808,7733.19452054795,34833.6739726027,0,36164.3095890411,101385.435616438,13880.7780821918,7698.81917808219,44246.9671232877,17629.2
34604.1205479452,30562.1479452055,86333.8739726027,37586.9835616438,423646.010958904,28352.0356164384,31361.3643835616,79121.5315068493,122582.112328767,66791.9342465753,116954.742465753,30912.1863013699,870063.778082192,150726.44109589,55705.3123287671,81112.9232876712,88091.5726027397,173849.931506849,9487.79726027397,178402.846575342,18021.9945205479,87534.6630136986,59006.6438356164,32592.6493150685,47768.2602739726,12199.9780821918,58817.6219178082,147366.449315068,66702.1123287671,272804.816438356,34604.6301369863,190758.936986301,31584.2876712329,33218.7260273973,58497.295890411,132169.282191781,240799.767123288,90438.4739726027,33551.0712328767,6906.12328767123,1436700.43561644,94216.5095890411,75610.3890410959,65776.8219178082,295453.764383562,153914.580821918,13530.2520547945,67645.4301369863,80502.9616438356,128966.868493151,25681.4767123288,307634.638356164,32392.8575342466,266210.646575342,29920.3863013699,167534.498630137,115719.736986301,33907.8739726027,79081.6356164384,185248.115068493,36050.4301369863,58664.4821917808,52280.8246575342,41518.6849315068,181160.893150685,36164.3095890411,0,641904.810958904,89942.9671232877,52315.5835616438,282650.169863014,109619.317808219
95082.1397260274,84784.4356164383,239081.893150685,105871.936986301,1158224.95616438,79170.095890411,87281.1260273973,215891.043835616,339587.18630137,185121.460273973,325450.04109589,85588.8136986301,2378975.00273973,414080.339726027,154912.64109589,224319.550684932,244477.380821918,476716.783561644,26523.4767123288,490578.523287671,50077.2575342466,240177.161643836,161134.205479452,89620.101369863,132817.364383562,34052.4082191781,166788.506849315,405251.520547945,187929.884931507,745750.906849315,94972.4301369863,521446.479452055,87401.504109589,91329.9506849315,163096.364383562,362238.139726027,663330.679452055,253101.326027397,93774.7726027397,18768.1150684931,3903242.09589041,262478.580821918,210131.594520548,181804.043835616,806456.167123288,423208.361643836,37401.8547945206,184846.575342466,222454.832876712,355979.561643836,71133.4410958904,838851.934246575,89519.0383561644,728597.273972603,83443.2904109589,463582.805479452,319207.361643836,94418.1534246575,219198.024657534,506120.589041096,99287.2821917808,162926.430136986,143548.446575342,114976.493150685,498583.701369863,101385.435616438,641904.810958904,0,257236.509589041,150687.805479452,806599.742465753,311488.282191781
13329.0630136986,11752.397260274,33209.2356164384,14414.6712328767,163325.424657534,10889.898630137,12052.904109589,30513.5260273973,47149.4712328767,25688.4,44949.5150684932,11891.0767123288,335423.334246575,58059.6493150685,21411.7726027397,31208.3671232877,33872.4575342466,66988.5095890411,3643.49315068493,68709.2219178082,6928.21369863014,33725.597260274,22753,12552.6821917808,18361.5205479452,4686.32054794521,22529.4054794521,56755.5698630137,25579.1808219178,105174.638356164,13331.9726027397,73543.9287671233,12150.7890410959,12794.0931506849,22474.698630137,50932.4931506849,92711.8767123288,34723.3232876712,12884.701369863,2665.2301369863,554482.816438356,36203.0876712329,29066.1123287671,25310.2904109589,113936.030136986,59278.6931506849,5206.19178082192,26081.1452054795,30978.0301369863,49636.9123287671,9878.29863013699,118654.17260274,12464.7863013699,102611.076712329,11494.8876712329,64452.8383561644,44543.3917808219,13030.3698630137,30414.7123287671,71425.7150684932,13880.5150684932,22554.4684931507,20140.4438356164,15970.6,69761.1589041096,13880.7780821918,89942.9671232877,257236.509589041,0,19981.7917808219,108141.490410959,41972.7205479452
7760.10410958904,6688.81643835616,18981.1452054795,7900.11780821918,96193.4602739726,6099.71506849315,6806.73424657534,18051.6410958904,26925.2876712329,14652.7945205479,25393.0931506849,6799.41369863014,197502.77260274,33815.7452054794,12114.7780821918,17895.295890411,19259.9342465753,39184.8410958904,2035.14794520548,39930.2356164384,3927.71506849315,19699.8876712329,13436.1780821918,7295.79178082192,10393.298630137,2627.73424657534,12134.8849315068,32979.9780821918,14009.6438356164,61960.1397260274,7782.87671232877,43329.8054794521,6957.08219178082,7438.31506849315,12636.4520547945,29828.0630136986,53657.1917808219,19342.6520547945,7200.52328767123,1591.12328767123,331238.545205479,20394.5589041096,16471.402739726,14532.8547945205,67350.7369863014,34455.6712328767,2988.40273972603,15378.4602739726,17796.9945205479,28591.8164383562,5643.31232876712,70301.298630137,7159.65205479452,60284.5452054795,6458.8,36908.2657534247,25697.1369863014,7349.25753424658,17346,42131.4493150685,8037.31780821918,12802.2739726027,11745.4164383562,9128.19178082192,40461.6904109589,7698.81917808219,52315.5835616438,150687.805479452,19981.7917808219,0,57276.3506849315,22485.0712328767
41875.1753424658,37177.8712328767,104921.021917808,46107.1123287671,511263.720547945,34613.3561643836,38217.1616438356,95383.8410958904,149003.054794521,81209.3726027397,142511.216438356,37563.6904109589,1050073.19726027,182379.871232877,67854.1616438356,98503.0657534247,107183.810958904,210146.101369863,11590.2493150685,215979.978082192,21942.6794520548,105845.284931507,71165.4904109589,39456.6246575342,58180.6164383562,14890.7068493151,72417.9780821918,178410.673972603,81833.704109589,329206.02739726,41849.1342465753,230192.646575342,38368.8465753425,40211.7506849315,71355.6794520548,159718.928767123,291800.531506849,110545.764383562,40981.4109589041,8307.36164383562,1727929.72328767,114876.830136986,92067.8054794521,79854.2383561644,356247.506849315,186326.183561644,16427.1369863014,81613.5863013699,97719.6630136986,156453.205479452,31214.0109589041,370730.216438356,39322.3205479452,321457.871232877,36502.5671232877,203515.915068493,140333.101369863,41332.3232876712,96155.298630137,223479.797260274,43680.8301369863,71407.0082191781,63241.1342465753,50457.4,219419.964383562,44246.9671232877,282650.169863014,806599.742465753,108141.490410959,57276.3506849315,0,135120.534246575
16231.2876712329,14602.4520547945,41110.3479452055,18487.2575342466,196787.309589041,13717.2164383562,15076.6575342466,36612.9534246575,58411.9780821918,31856.5890410959,56210.2164383562,14714.6356164384,404240.956164384,70675.2904109589,26740.2547945205,38523.7780821918,42121.7315068493,81224.1260273973,4600.20821917808,83806.2082191781,8637.67397260274,40945.4465753425,27347.4246575342,15309.2356164384,22922.6684931507,5897.69315068493,29298.2219178082,69232.5506849315,32823.7479452055,126692.991780822,16194.8219178082,88583.4465753425,15018.6383561644,15599.4575342466,28219.0410958904,61689.3178082192,113504.471232877,43941.1780821918,16261.3150684932,3170.67945205479,659227.495890411,45381.7232876712,36250.4712328767,31205.9643835616,136812.016438356,72292.2547945205,6420.65753424658,31391.4,38175.3287671233,61026.5315068493,12233.7534246575,142170.819178082,15363.4849315068,123918.819178082,14440.9123287671,79655.5698630137,54689.6876712329,16317.3452054795,37722.904109589,85937.8602739726,16986.0328767123,28089.5671232877,24488.2493150685,19770.3123287671,85240.898630137,17629.2,109619.317808219,311488.282191781,41972.7205479452,22485.0712328767,135120.534246575,0
